,x1,x2,x3,dx1,dx2,dx3
0.0,2.0,0.0,1.0,-0.1929474057195401,4.004697864786957,-0.29799566336838773
0.1,1.9413015266710894,0.3939120149491409,0.9706400629961696,-0.9747669009403042,3.8476962069328025,-0.2892465294644772
0.2,1.8068067945459072,0.7645514013160063,0.9421421318932078,-1.7038721572169426,3.541255722392514,-0.2807542695808235
0.30000000000000004,1.6032359817739297,1.0976722338435665,0.9144808982521686,-2.3518396522571385,3.1002598804470836,-0.2725113419123741
0.4,1.3399681992726373,1.3807812051223893,0.8876317966882784,-2.8940871044739764,2.5447406632801086,-0.2645104260809974
0.5,1.0286089789847046,1.6036082969573902,0.8615709830549138,-3.3108056727433794,1.8989653690459296,-0.25674441663440295
0.6000000000000001,0.6824756054590013,1.7584780163196758,0.836275313268093,-3.5876671859820193,1.1903688712379665,-0.24920641673593164
0.7000000000000001,0.31602376632790036,1.8405681308918433,0.8117223227526831,-3.716288157890251,0.4483796496524126,-0.24188973203961434
0.8,-0.0557595796417369,1.8480478019965214,0.7878902064920614,-3.6944404227490795,-0.2968097394360204,-0.23478786474505783
0.9,-0.41797162534110127,1.7820921275519783,0.7647577996635195,-3.526006793397545,-1.0154764115335193,-0.22789450782687906
1.0,-0.7563922274671061,1.6467752024168862,0.7423045588422106,-3.220689206957825,-1.6795548695891855,-0.22120353943356294
1.1,-1.0580415167754191,1.44884869814982,0.720510543756947,-2.7934861017982557,-2.2637313497532343,-0.21470901745076917
1.2000000000000002,-1.3116747476436719,1.1974174766240633,0.6993563995816474,-2.2639648660134277,-2.746402181950999,-0.20840517422426025
1.3,-1.5081955431734397,0.9035277054404088,0.6788233397467045,-1.655363675171608,-3.1104599832312987,-0.20228641143776366
1.4,-1.6409725033687614,0.5796861751419964,0.6588931292550114,-0.9935643942544226,-3.343879457245252,-0.19634729514121996
1.5,-1.7060486102776207,0.2393318905002239,0.6395480684878274,-0.3059838527599583,-3.4400837540820857,-0.1905825509250012
1.6,-1.7022377788954572,-0.10371758184785346,0.6207709774861032,0.37956597937376474,-3.398082327330397,-0.18498705923581382
1.7000000000000002,-1.631107990535904,-0.43582213278729154,0.602545180693305,1.0359982408678874,-3.222381452506771,-0.17955585083012646
1.8,-1.4968553767696857,-0.7440552338997001,0.5848544921461879,1.6380044791469568,-2.9226783839123742,-0.17428410236108477
1.9,-1.306078056199048,-1.0166994467844808,0.5676832011003685,2.163000179033789,-2.5133588508699627,-0.16916713209499418
2.0,-1.0674621784256582,-1.243682940335095,0.5510160580779289,2.5919305741432623,-2.0128246726594137,-0.16420039575356646
2.1,-0.7913953399783912,-1.416941588913497,0.534838261324662,2.9099144671218196,-1.442683402973291,-0.15937948247823774
2.2,-0.4895243109066275,-1.5306945911609124,0.5191354436649316,3.106712586176749,-0.826835129433328,-0.15470011091297356
2.3000000000000003,-0.17427500061580778,-1.5816251541992399,0.5038936597424736,3.177013761893174,-0.19049317458229928,-0.15015812540208306
2.4000000000000004,0.1416469788578153,-1.5689614946019494,0.48909937363580486,3.120536712118542,0.4408240663588238,-0.1457494922996646
2.5,0.4457567318195309,-1.4944571236562567,0.4747394468372447,2.9419482668445003,1.04229316362691,-0.14147029638740619
2.6,0.7262732847894745,-1.3622730470905025,0.4608011265848699,2.650601798033408,1.5907413970363367,-0.1373167373975587
2.7,0.9725679496163633,-1.1787680586205513,0.44727203453704395,2.2601036576262348,2.0655235244721832,-0.13328512663799483
2.8000000000000003,1.1755612644379914,-0.9522066621284181,0.4341401557794612,1.7877210938372128,2.449287332337736,-0.12937188371635572
2.9000000000000004,1.328053620431471,-0.6923972086394921,0.421393828154943,1.2536520679389327,2.728599409895012,-0.1255735333603766
3.0,1.42497708975405,-0.410275447659824,0.4090217319065108,0.6801846501305108,2.8944076718489513,-0.12188670233156754
3.1,1.4635590689482623,-0.11745072969390377,0.3970128796245379,0.09078005591048063,2.9423235626678443,-0.11830811642950805
3.2,1.4433920036450318,0.1742665619308714,0.38535660648905223,-0.4908820737498681,2.8727143222176936,-0.11483459758409587
3.3000000000000003,1.3664074496949055,0.453337209026784,0.3740425607985237,-1.041855381477241,2.6906037366379443,-0.11146306103316657
3.4000000000000004,1.236756807129193,0.7089460963512471,0.36306069477672753,-1.5408350350152853,2.405387945371468,-0.10819051258297867
3.5,1.0606049983751327,0.9314180500185906,0.35240125564951597,-1.9689846015955859,2.0303806492769816,-0.1050140459491303
3.6,0.8458469452056248,1.1125805294866706,0.34205477698357545,-2.310648066269829,1.58220905971665,-0.10193084017554649
3.7,0.6017597664796527,1.2460595651992252,0.3320120702794784,-2.5539193316660214,1.0800878264887852,-0.09893815712924493
3.8,0.3386060503272083,1.327498298133519,0.32226421681156153,-2.6910483644796632,0.5450027543966067,-0.0960333390686552
3.9,0.06720526876753449,1.3546908260562,0.3128025597073853,-2.71867061330591,-0.001160784557373994,-0.09321380628333199
4.0,-0.20150864645467478,1.3276276423265212,0.3036186962597395,-2.6378540808804023,-0.53650829132796,-0.09047705480296608
4.1000000000000005,-0.45692537508461395,1.2484526102038729,0.2947044704643684,-2.4539661820842253,-1.0400090004274516,-0.08782065417365888
4.2,-0.6891743238505613,1.121334994251695,0.2860519657767873,-2.1763699594688064,-1.4923162669096701,-0.08524224529948508
4.3,-0.8895024888958412,0.9522634234528169,0.277653498081759,-1.8179660704401004,-1.876503535559718,-0.08273953834742714
4.4,-1.0505997160678873,0.7487716546951659,0.26950160886918534,-1.394602929384307,-2.1786881491818018,-0.08031031071382065
4.5,-1.166859500950747,0.5196085252073528,0.26158905861035503,-0.9243822356153005,-2.3885204931404367,-0.07795240505050481
4.6000000000000005,-1.234566381606314,0.2743664369589865,0.25390882032866363,-0.42689064428298895,-2.4995219981249717,-0.07566372734892489
4.7,-1.2520041688346444,0.023084040568070535,0.2464540733590971,0.077609588597086,-2.5092620470019877,-0.07344224508048544
4.800000000000002,-1.2194825831948704,-0.2241605540672796,0.23921819729093655,0.5689975772321942,-2.4193705543854533,-0.0712859853915025
4.9,-1.1392831773730803,-0.45764972332829135,0.23219476608830478,1.02808584704945,-2.235389613002447,-0.069193033351152
5.0,-1.0155285790311317,-0.6684037708246356,0.225377542383333,1.437357061179108,-1.9664738556876453,-0.06716153025085823
5.1000000000000005,-0.8539819733772218,-0.8485214561810657,0.21876047193688014,1.7816182953425947,-1.624954831262517,-0.06518967195361217
5.2,-0.661786260062668,-0.991470984082402,0.21233767826188507,2.0485498100204333,-1.2257895508517882,-0.06327570729175372
5.300000000000002,-0.44715439406642277,-1.0923210464229198,0.20610345740457647,2.2291299501770148,-0.785917293709199,-0.06141793651179501
5.4,-0.21902400628515173,-1.1479040739701378,0.20005227287890653,2.317922870727297,-0.3235516806141428,-0.059614709764903476
5.5,0.013309533603881537,-1.156906656518269,0.19417875074970878,2.313221079041202,0.1425631216890742,-0.057864425641704284
5.6000000000000005,0.2405669180261911,-1.1198850244344583,0.1884776748602148,2.2170401838218017,0.5939024314180613,-0.05616552975010101
5.7,0.453850881564579,-1.0392064410976993,0.18294398219969044,2.0349686411885064,1.012887999515032,-0.05451651333485127
5.800000000000002,0.6449902208541778,-0.9189202273327279,0.1775727584070776,1.7758805837190643,1.3835639351964946,-0.052915911937671534
5.9,0.8068487787309705,-0.7645648211337799,0.17235923340664938,1.4515248671048309,1.6921960689610844,-0.05136230409668126
6.0,0.9335878662300229,-0.5829196703707409,0.16729877717180167,1.0760080968992338,1.9277725546316704,-0.04985431008403112
6.1000000000000005,1.020872578626666,-0.38171277374506074,0.1623868956132197,0.6651934040622933,2.082387684003719,-0.048390590680594536
6.2,1.0660148053364469,-0.16929625034117474,0.157619226587768,0.23603991942902766,2.151495737230405,-0.046969845986634146
6.300000000000002,1.068048346380859,0.04569662788112233,0.15299153602455862,-0.19408992505208192,2.1340270295971733,-0.04559081426738693
6.4,1.0277343229278832,0.2546990014318943,0.14849971416475832,-0.6081270967882826,2.032363922044888,-0.04425227083254312
6.5,0.9474978888414245,0.44954870669777264,0.1441397719117942,-0.989968649552889,1.8521802023174525,-0.04295302694862321
6.6000000000000005,0.8312999938467246,0.6228040126417231,0.1399078372887174,-1.3250997339573043,1.6021526757816804,-0.04169192878328779
6.7,0.6844505003235427,0.7680246842211763,0.13580015199957846,-1.6011407445095687,1.293558799731757,-0.040467856380642264
6.800000000000002,0.5133712085207983,0.8800078529861078,0.13181306809176022,-1.808298886822552,0.9397785448339024,-0.03927972266662655
6.9,0.32531920818089627,0.9549701776457946,0.12794304471630455,-1.939707737207228,0.555722197515255,-0.03812647248360647
7.0,0.12808237658504507,0.9906700859717065,0.12418664498335558,-1.9916432648729636,0.1572083931393163,-0.03700708165330951
7.1000000000000005,-0.07034026571287447,0.9864664039619084,0.12054053290992714,-1.9636100649845964,-0.2396817975223006,-0.03592055606727271
7.2,-0.262060275840698,0.9433122919151704,0.11700147045728354,-1.8582969710679116,-0.6192484583425598,-0.03486593080399503
7.300000000000002,-0.4396107055544064,0.863686011364776,0.11356631465530215,-1.681406542080925,-0.9667884554554055,-0.03384226927200982
7.4,-0.5962340370300276,0.751462536031752,0.1102320148112653,-1.4413679294154595,-1.2691591216259501,-0.03284866237811694
7.5,-0.7261361405276723,0.6117322957674971,0.10699560980060123,-1.1489471201686914,-1.5152686077010982,-0.03188422772003533
7.6,-0.8246968529666909,0.45057531779992366,0.10385422543716914,-0.8167723528262684,-1.6964749051545172,-0.030948108802759305
7.7,-0.8886297120495876,0.27480063200490623,0.10080507192075223,-0.458795474165536,-1.80687958003218,-0.030039474277922598
7.800000000000002,-0.9160855679672731,0.09166198106513283,0.09784544135949233,-0.08971205728318528,-1.8435067561721064,-0.029157517205494598
7.9,-0.9066971388502061,-0.09143841424942459,0.09497270536506565,0.27563582040932616,-1.8063626504154817,-0.028301454337153174
8.0,-0.8615639790821692,-0.2672460566730941,0.09218431271846395,0.6228501405781598,-1.6983757968960456,-0.027470525420697566
8.1,-0.7831796948174167,-0.4289386139609464,0.08947778710430843,0.938537695795264,-1.5252228083442485,-0.02666399252488376
8.200000000000001,-0.675305477161214,-0.5703875817449255,0.0868507249116837,1.2108195988509076,-1.2950489288615439,-0.025881139384082544
8.3,-0.5427960475837984,-0.6863872760981912,0.08430079309953965,1.4297706186917387,-1.0180965726829319,-0.025121270762178523
8.4,-0.3913858502659395,-0.7728427559237312,0.08182572712476421,1.587772569839921,-0.7062583783284703,-0.02438371183514479
8.5,-0.22744472318596495,-0.8269100654919421,0.07942332893108847,1.6797696610895387,-0.37257392568495384,-0.02366780759174537
8.6,-0.057713289009644564,-0.8470842000867019,0.07709146499703722,1.7034177623404982,-0.030691082782794962,-0.022972922251832947
8.700000000000001,0.11097110152867366,-0.8332323500613794,0.07482806444119115,1.6591238218540194,0.3056860819706204,-0.022298438701725223
8.8,0.2719468812547058,-0.7865721843806858,0.07263111718307921,1.5499760028021476,0.6233407873442433,-0.021643757946158797
8.9,0.41898851112846724,-0.7095971072637811,0.07049867215806617,1.381569350117428,0.9100571510423574,-0.021008298576333413
9.0,0.5465444191530947,-0.6059524769069491,0.06842883558465165,1.16173579168725,1.1550842245309438,-0.020391496253574604
9.1,0.6499436591385164,-0.48026863534394293,0.06641976928264083,0.9001908746426741,1.3495330669203167,-0.019792803208155817
9.2,0.7255637131340759,-0.33795819378199043,0.06446968904069351,0.6081127030540928,1.4866924335994038,-0.01921168775283514
9.3,0.7709535347059916,-0.18498629002597183,0.06257686303180222,0.29767096151078243,1.5622521334429378,-0.018647633810674642
9.4,0.7849078090892783,-0.027623439063246685,0.060739610275291185,-0.01847441218050577,1.5744269611532633,-0.018100140456722737
9.5,0.7674904132717935,0.12780889512766647,0.05895629914397141,-0.32768446500613,1.5239781808653354,-0.01756872147315287
9.6,0.7200071123402176,0.2751897824117933,0.057225345915125375,-0.6178418912002924,1.4141336581361643,-0.017052904917463245
9.7,0.6449295448806281,0.4088374515127684,0.0555452133640349,-0.8778214111813781,1.2504117438753892,-0.016552232703354215
9.8,0.5457744492317924,0.5237258446331013,0.053914409398802494,-1.0979117197914154,1.0403577461220692,-0.016066260193910987
9.9,0.4269437892155098,0.6156709423699527,0.05233148573525493,-1.2701731246468757,0.7932051377056253,-0.015594555806730612
10.0,0.29353288687884405,0.6814800576987072,0.05079503661075096,-1.3887178657062524,0.5194764129843438,-0.015136700630642272
10.1,0.15111480685209663,0.7190589006900718,0.04930369753575206,-1.4499034507356376,0.23054062306666215,-0.014692288053680778
10.2,0.005510022031682075,0.7274729944996101,0.04785614408204649,-1.4524330113125918,-0.0618539872536191,-0.014260923401982586
10.3,-0.13744920136799138,0.7069619034189505,0.04645109070655135,-1.397360522766481,-0.3460531883740601,-0.013842223589283921
10.4,-0.2721502386163676,0.6589066381700689,0.045087289609647786,-1.2880025779355497,-0.6109569133832337,-0.013435816776709608
10.5,-0.3934182560579856,0.5857524555521326,0.04376352962703507,-1.1297621015155177,-0.8464483348040989,-0.013041342042550407
10.6,-0.49671268216648673,0.49089099612034454,0.04247863515412002,-0.9298727921654557,-1.0437754593376034,-0.01265844906173571
10.7,-0.578294638175168,0.3785072385333888,0.041231465101986366,-0.697076052942679,-1.195871048457058,-0.012286797794716956
10.8,-0.6353592691681779,0.2533980353805103,0.04002091188401641,-0.44124460779402436,-1.2975994101689732,-0.011926058185485262
10.9,-0.6661284325839624,0.12076998679227254,0.03884590043226586,-0.17296881865960415,-1.3459217422918646,-0.011575909868455404
11.0,-0.6699008653284717,-0.013974928225437538,0.037705387242717464,0.09687714238161847,-1.3399751064965233,-0.011236041883955534
11.1,-0.6470586938099244,-0.14545722638613623,0.036598359448566216,0.3575716764284348,-1.2810636343758632,-0.01090615240207019
11.2,-0.5990309024929557,-0.26853260032259213,0.03552383392071275,0.5989673760635471,-1.1725640698888207,-0.010585948454591229
11.3,-0.5282160668172473,-0.3784910836820787,0.03448085639466609,0.8118815031564257,-1.019751098953316,-0.010275145674838636
11.4,-0.4378682203963401,-0.47123508143499493,0.03346850062308057,0.9884405182777827,-0.8295509785410312,-0.009973468045120193
11.5,-0.3319511056649188,-0.5434296338449688,0.03248586755317427,1.1223659685239566,-0.6102346403689687,-0.009680647651605749
11.6,-0.21496720142189707,-0.5926195129197688,0.03153208452829828,1.2091916079939664,-0.3710636122553146,-0.009396424446398322
11.7,-0.09176879011659181,-0.6173091694029467,0.030606304512947987,1.2464045363819938,-0.12190369885265954,-0.009120546016590814
11.8,0.03264110624530487,-0.6170030967580685,0.029707705340527805,1.233506276556176,0.12717765827644917,-0.008852767360103177
11.9,0.15330984619557828,-0.5922057926254064,0.02883548898320155,1.171992946076305,0.36631408940298515,-0.008592850668100982
12.0,0.26553034605583814,-0.5443821129798517,0.027988880843180096,1.0652568831943656,0.586227137398112,-0.008340565113802212
12.1,0.3650227059895842,-0.4758803660556057,0.0271671290648166,0.9184151410435135,0.7785822310911639,-0.00809568664748463
12.2,0.4480953597742005,-0.3898219219976329,0.026369503866898653,0.7380730479828453,0.9363003031137946,-0.007857997797511729
12.3,0.5117797670665662,-0.2899623661061954,0.025595296894544248,0.5320334429386547,1.0538135794801542,-0.007627287477200547
12.4,0.5539338294214206,-0.1805302523197395,0.0248438205901261,0.3089641433149195,1.127256498929874,-0.007403350797359837
12.5,0.5733105426118388,-0.06605028278445049,0.02411440758266552,0.07803762021268182,1.1545854628361782,-0.007185988884332091
12.6,0.5695898421207403,0.04884177660151765,0.023406410095153762,-0.15144230632495978,1.1356240570100853,-0.006975008703377873
12.7,0.5433730967729339,0.1595849496825348,0.02271919936927423,-0.37041170435131976,1.0720334049971643,-0.006770222887245531
12.8,0.49614119680838725,0.2618722931459211,0.02205216510701487,-0.5704010190332139,0.9672102870511396,-0.00657144956977411
12.9,0.4301786081518336,0.3518165557067334,0.021404714928674837,-0.743859078114218,0.8261184725567425,-0.00637851222438169
13.0,0.34846706861872556,0.4260959544742995,0.02077627384678398,-0.8844343524835256,0.6550612571155313,-0.006191239507295677
13.1,0.2545537347005668,0.48207468099998424,0.020166283755468074,-0.9872031455151284,0.46140537266037696,-0.00600946510538585
13.2,0.15239950743561215,0.51789385687222,0.01957420293480615,-1.0488366943952565,0.25326816990164497,-0.005833027588465001
13.3,0.046213940190500964,0.5325299143241592,0.018999505569740054,-1.067701751114832,0.039181196830182785,-0.005661770265926065
13.4,-0.05971646219940333,0.5258187282391991,0.018441681283108552,-1.0438919608931643,-0.17225602414960028,-0.005495541047588313
13.5,-0.16119961541564137,0.49844521679622733,0.017900234682391766,-0.9791901583423416,-0.3727181008000504,-0.005334192308629156
13.6,-0.25430211132136465,0.45189950252763605,0.017374684919762958,-0.8769644429821839,-0.5544782758938758,-0.005177580758481485
13.7,-0.3354999864811704,0.3884020297452299,0.01686456526505731,-0.7420034679502397,-0.7107028157640418,-0.005025567313580223
13.8,-0.4018102938779038,0.31080121749037276,0.016369422691278245,-0.5802986793053833,-0.8357042084348631,-0.004878016973844999
13.9,-0.4508986426515453,0.2224482450630614,0.015888817472273234,-0.3987831925524768,-0.9251439502151323,-0.004734798702789292
14.0,-0.48115891936392974,0.12705438257273888,0.015422322792221933,-0.2050385176910809,-0.9761778811500199,-0.004595785311149581
14.1,-0.4917625819850898,0.028536863623460477,0.014969524366589557,-0.00698139290740747,-0.9875394464581347,-0.0044608533439311
14.2,-0.4826761751975583,-0.06914036733912568,0.014530020074209185,0.18745647137323707,-0.9595588124406432,-0.004329882970769957
14.3,-0.45464700127650515,-0.16212462262581404,0.014103419600166018,0.3706429125880357,-0.8941183474938882,-0.004202757879514195
14.4,-0.409158143290687,-0.2468249210420416,0.013689344089166557,0.5355417587938455,-0.7945474890037153,-0.004079365172929306
14.5,-0.348355227228759,-0.320049107858152,0.013287425809084869,0.6759798145529918,-0.6654623572432746,-0.003959595268436481
14.6,-0.27494838134555194,-0.3791224757898305,0.012897307824387068,0.7868744025291738,-0.5125575589014817,-0.0038433418007945215
14.7,-0.19209376458650537,-0.42198355239436586,0.012518643679144053,0.8644132319759077,-0.3423593685193917,-0.003730501527639006
14.8,-0.10325975847491399,-0.4472537090287479,0.01215109708935098,0.9061804137674464,-0.16195082369777952,-0.0036209742377948306
14.9,-0.012083423600563668,-0.4542783491488349,0.011794341644280209,0.9112246935706607,0.021319825837646838,-0.0035146626622806817
15.0,0.07777690292364273,-0.4431386034143231,0.011448060516602491,0.8800683375649232,0.20013544131755612,-0.0034114723879264067
15.1,0.16278695530147744,-0.41463364821568294,0.011111946181018996,0.8146574836151975,0.36749926047868475,-0.0033113117735265782
15.2,0.23967411578863684,-0.3702349254318271,0.010785700141154327,0.7182570709929399,0.5170057873787628,-0.003214091868455797
15.3,0.3055519236132973,-0.3120146290593796,0.010469032664467833,0.5952955944107073,0.6430829376330494,-0.0031197263336734116
15.4,0.3580268405376243,-0.24255179721162695,0.010161662524948009,0.45116681228841443,0.741196411492032,-0.0030281313650475676
15.5,0.39528339170780363,-0.16482016958822712,0.009863316753361351,0.2919971050023517,0.8080089397472375,-0.0029392256189304483
15.6,0.4161447329043881,-0.08206261128060002,0.009573730394833831,0.12438837040518515,0.8414889787702599,-0.002852930139918604
15.7,0.42010672646266684,0.0023426581631155376,0.00929264627354986,-0.04485287905114864,0.8409655396180585,-0.0027691682907342668
15.8,0.40734469523645306,0.0850185695499699,0.009019814764359556,-0.2089892137549846,0.8071280351350772,-0.0026878656841653036
15.9,0.3786931228622275,0.16272298064037266,0.00875499357109174,-0.36161787839928605,0.7419722294539498,-0.002608950117003453
16.0,0.33559963544113425,0.2324744776836683,0.008497947511375543,-0.4969179105796402,0.6486954889581706,-0.0025323515059220945
16.1,0.2800555928896995,0.29166537400211845,0.008248448307779694,-0.6098693542562931,0.5315464803932243,-0.002458001825236665
16.2,0.21450649964413956,0.3381576798324851,0.008006274385083932,-0.6964364266014782,0.3956361664256711,-0.002385835046492417
16.3,0.1417461813210245,0.37035857541582157,0.0077712106735024844,-0.7537080855233295,0.24671834859282202,-0.002315787079825868
16.400000000000002,0.06479923991713414,0.3872727996975971,0.007543048417684946,-0.779991262950296,0.09094905266903847,-0.0022477957170478928
16.5,-0.013203323945402481,0.38853033264600145,0.007321584991324883,-0.7748539990086629,-0.06536529254575063,-0.0021818005763978897
16.6,-0.08915025853837849,0.37438876014986244,0.007106623717211392,-0.739117753206939,-0.2160206835204377,-0.0021177430489199263
16.7,-0.16007294463878566,0.34571072574119244,0.006897973692564137,-0.6748001981261168,-0.35515933870357846,-0.002055566246413337
16.8,-0.2232602100693408,0.30391785265850935,0.006695449619496375,-0.5850117385014427,-0.4774949806554238,-0.0019952149509114415
16.900000000000002,-0.2763606844934682,0.2509234249129192,0.0064988716404556284,-0.4738107688735148,-0.5785110412437776,-0.0019366355656435773
17.0,-0.31746888412575636,0.18904691262529522,0.006308065178495871,-0.3460242192807977,-0.6546244693946901,-0.0018797760674369043
17.1,-0.3451919358890867,0.12091408553577257,0.006122860782239179,-0.20704118452121947,-0.7033093283100308,-0.0018245859605156495
17.2,-0.3586946786431671,0.04934695587879136,0.005943093975389424,-0.06258834479067674,-0.7231760770208714,-0.00177101623165684
17.3,-0.3577217804541336,-0.022751888747800167,0.005768605110664142,0.08150356540859766,-0.7140042679575249,-0.0017190193066626328
17.400000000000002,-0.34259644830412755,-0.09251586944724037,0.005599239228015066,0.21953281172528885,-0.6767282825473507,-0.0016685490081106487
17.5,-0.3141962423073163,-0.15722728004581943,0.005434845917011175,0.34615001474768886,-0.6133775947639779,-0.0016195605143447186
17.6,-0.2739074033851274,-0.21442203278058491,0.005275279183262196,0.4565631485266913,-0.5269748245166689,-0.0015720103196696649
17.7,-0.22355992672299407,-0.2619822955720328,0.005120397318764003,0.546716424145148,-0.42139645054215935,-0.0015258561957147928
17.8,-0.16534633204323218,-0.2982135890252662,0.004970062776050504,0.6134364869068798,-0.3012024356445647,-0.0014810571539317008
17.900000000000006,-0.1017276694039364,-0.32190359447149164,0.0048241420460405715,0.654540779631029,-0.17144212541187695,-0.0014375734091931914
18.0,-0.035330735198846344,-0.3323607029596501,0.004682505539471294,0.6689045241215805,-0.03744457648247522,-0.0013953663444608985
18.1,0.031159256981012032,-0.3294311764216676,0.004545027471812328,0.6564844814230162,0.09539807325194365,-0.0013543984764902608
18.2,0.09510620937977488,-0.3134946617144704,0.004411585751559246,0.6182993992691374,0.22184547384198453,-0.001314633422542425
18.3,0.15402661300001402,-0.28543866090173625,0.00428206187180647,0.5563687722879259,0.3370136943044815,-0.001276035868073449
18.4,0.2056849410130723,-0.246613382943392,0.004156340805003722,0.4736131596972154,0.4365617100163318,-0.001238571535372183
18.5,0.2481773422535789,-0.1987691511715283,0.004034310900802366,0.3737207642601717,0.5168527150237373,-0.0012022071531189189
18.6,0.2800005489779968,-0.14397918928968576,0.003915863786900937,0.26098622050845344,0.575084363193836,-0.0011669104268377916
18.7,0.3001035594103827,-0.08455113243639337,0.003800894272801943,0.14012852458971398,0.6093833888215396,-0.0011326500102167207
18.8,0.3079203859181573,-0.02293099079385142,0.0036893002563942586,0.016095728602780773,0.6188615578262432,-0.00109939547726937
18.9,0.30338294338253907,0.03839648099309949,0.0035809826332783043,-0.10613560271279011,0.6036314925794667,-0.0010671172953144441
19.0,0.2869139573567787,0.09700699059890128,0.003475845208753447,-0.22175812430749503,0.5647825318372105,-0.0010357867987483154
19.1,0.25940056562333724,0.1506315687562316,0.003373794612389381,-0.326320852750041,0.5043183675590338,-0.001005376163587666
19.200000000000006,0.22215003851142393,0.19724341097936465,0.003274740215105763,-0.4158985105912364,0.42505968068723593,-0.0009758583827595786
19.3,0.17682972385813783,0.2351334172107216,0.0031785940486863487,-0.487236712730244,0.33051632153567495,-0.0009472072421170978
19.4,0.1253939062022217,0.2629716586671089,0.003085270727656168,-0.537867716598745,0.22473469788823167,-0.0009193972971589682
19.5,0.07000073545592693,0.2798526132202832,0.0029946873734524224,-0.5661927282181396,0.11212690499037382,-0.0008924038504328893
19.6,0.012922711764430501,0.28532269621010625,0.0029067635408216914,-0.5715281603465293,-0.0027112733642445717,-0.0008662029296022035
19.700000000000006,-0.04354559996719323,0.27938934404432364,0.002821421146378135,-0.5541147186934278,-0.11518606265620236,-0.0008407712661565493
19.8,-0.09717891487908843,0.2625116534568781,0.0027385843992592,-0.5150896873679865,-0.22088766394188716,-0.0008160862747475629
19.9,-0.1459080315718173,0.23557331003704826,0.002658179733817276,-0.4564242357475906,-0.3157613522344501,-0.0007921260331312835
20.0,-0.18789874420128544,0.1998392269346773,0.0025801357442875416,-0.3808289191430494,-0.39626114159800335,-0.0007688692626994548
20.1,-0.22161989192062273,0.15689793211990696,0.0025043831213739246,-0.29163174347735826,-0.45948027153926974,-0.0007462953095824161
20.200000000000006,-0.24589806321158827,0.10859226712811999,0.0024308545906969294,-0.19263416520813897,-0.5032538007358486,-0.0007243841263068221
20.3,-0.25995705025469706,0.056941372904474444,0.0023594848530485973,-0.08795116615111771,-0.5262297920578823,-0.0007031162539918796
20.4,-0.2634407901858674,0.004057225026881324,0.0022902105264015963,0.01815794714209645,-0.527906886465905,-0.0006824728050683082
20.5,-0.2564192091896902,-0.04794086764240224,0.002222970089620936,0.12146113331664483,-0.5086374383736939,-0.0006624354465046752
20.6,-0.23937707424308233,-0.09701037330427537,0.0021577038278282634,0.21792075030574748,-0.46959676576517145,-0.0006429863835261928
20.700000000000006,-0.2131866284666372,-0.141264951536762,0.002094353779370301,0.30384969976378967,-0.41272039994048104,-0.0006241083438115429
20.8,-0.17906541322647204,-0.179046117608791,0.0020328636843442564,0.3760506120319389,-0.34061245045575295,-0.0006057845621536714
20.9,-0.13852123938537744,-0.20898446994521855,0.001973178934634535,0.43193289118755446,-0.2564292838644391,-0.0005879987655709469
21.0,-0.09328674060743043,-0.230048260233884,0.0019152465254163786,0.46960341873158884,-0.16374361026053,-0.0005707351588554534
21.1,-0.04524630649267991,-0.24157763080209615,0.001859015008083348,0.4879278406158993,-0.06639474760758646,-0.0005539784105455859
21.200000000000006,0.0036415598189464236,-0.2433034446766596,0.0018044344445568438,0.48656058811259045,0.031668732051552774,-0.0005377136393104849
21.3,0.05142329353811533,-0.23535026528515993,0.0017514563629371141,0.4659430579840013,0.1265475906054937,-0.000521926400734229
21.4,0.09622756998568013,-0.218223679433573,0.001700033714456321,0.42727065007126885,0.21454543883385604,-0.0005066026744880356
21.5,0.1363378280502402,-0.19278277368291954,0.0016501208316954976,0.3724305804257811,0.29231119602823136,-0.0004917288518790955
21.6,0.17025723600605147,-0.16019914652000983,0.001601673388028209,0.30391350817576424,0.35696506757574487,-0.00047729172376495923
21.700000000000006,0.19676367440702164,-0.12190434497479086,0.0015546483582549887,0.22470299205011923,0.4062033734677325,-0.00046327846882277023
21.8,0.21495275395200605,-0.0795280358147078,0.0015090039803935138,0.13814759192188567,0.4383784903247187,-0.0004496766421629027
21.9,0.22426739921790723,-0.03482954311783377,0.0014646997185906291,0.04782102371695154,0.452551228965358,-0.00043647416427690535
22.0,0.22451309028413954,0.01037440489547502,0.001421696227123281,-0.04262385689647077,0.4485141142674943,-0.00042365931030993617
22.1,0.21585844034954835,0.05428278259647665,0.0013799553154563583,-0.12960133558141718,0.42678521704892813,-0.00041122069964815024
22.200000000000006,0.19882137475992553,0.09518131399965943,0.0013394399143264583,-0.2097335842707125,0.3885733613117491,-0.00039914728581180937
22.3,0.17424174212392704,0.13150868576535166,0.001300114042821417,-0.279980402408155,0.33571664812640173,-0.0003874283466451246
22.4,0.14324170943534173,0.16191539785904524,0.0012619427764263853,-0.33775303036678445,0.270597256481807,-0.00037605347479412567
22.5,0.10717575054972765,0.18531306498182706,0.0012248922160080693,-0.3810078387998222,0.19603636315604803,-0.0003650125684640991
22.6,0.06757241411028546,0.20091240322823536,0.00118892945770959,-0.4083165775335585,0.11517373582570291,-0.00035429582244838676
22.700000000000006,0.026070339740619817,0.2082486194387537,0.0011540225637292375,-0.4189108615853839,0.0313370713477343,-0.00034389371942058166
22.8,-0.015648829335528424,0.2071934450423088,0.0011201405339571484,-0.4126996383456799,-0.052093542279509755,-0.0003337970214823805
22.9,-0.05592791819783214,0.19795360024263323,0.0010872532784447272,-0.39025947521050863,-0.1318205743340962,-0.00032399676195959086
23.0,-0.09319939584600707,0.18105601624675519,0.0010553315906823833,-0.3527985870224205,-0.20475807508240482,-0.00031448423743901264
23.1,-0.12604571742481727,0.15732066143630502,0.0010243471216617968,-0.3020965450615525,-0.2681497793687123,-0.00030525100003910574
23.200000000000006,-0.15325253735519434,0.12782229188026886,0.0009942723546997518,-0.24042253465953686,-0.31967182557886636,-0.00029628884990760146
23.3,-0.1738528252809017,0.09384285943644725,0.0009650805810011187,-0.1704358220215526,-0.3575163228315104,-0.0002875898279393774
23.4,-0.18716031588263232,0.05681664674586364,0.0009367458759393046,-0.0950727236975557,-0.38045283214301107,-0.0002791462087081345
23.5,-0.19279117706300633,0.01827044588561703,0.0009092430760331288,-0.017424822433272685,-0.3878657600741654,-0.0002709504936056056
23.6,-0.19067326973120063,-0.020238751750584864,0.0008825477565996263,0.05938657338838201,-0.3797666570746019,-0.000262995404182188
23.700000000000006,-0.18104287635779287,-0.05718603670107563,0.0008566362100629891,0.13233467899687326,-0.3567814268252239,-0.00025527387568310197
23.8,-0.16442927436474997,-0.09113836682998334,0.0008314854249003407,0.19860529392424972,-0.32011344676397535,-0.00024777905077432274
23.9,-0.14162800459370195,-0.12080953728350464,0.0008070730652056625,0.2557041184067317,-0.271484534681989,-0.00024050427345271945
24.0,-0.11366411626402573,-0.1451082518290933,0.0007833774508537369,0.30154928505555356,-0.21305653594104815,-0.00023344308313499588
24.1,-0.08174704174924252,-0.16317752668416924,0.0007603775382464498,0.3345457305710886,-0.14733701908189115,-0.00022658920892017242
24.200000000000006,-0.0472190536021265,-0.17442403612787075,0.0007380529016244065,0.3536388181197143,-0.07707312860794371,-0.00021993656402052845
24.3,-0.011499472126107711,-0.17853643503671746,0.0007163837149272205,0.3583454939635724,-0.005138033303995856,-0.00021347924035604706
24.4,0.02397308249063758,-0.17549214918456862,0.0006953507341863869,0.34876218573539397,0.06558538547518115,-0.0002072115033075678
24.5,0.0577980671000745,-0.16555259105769707,0.000674935280435108,0.3255495867888328,0.13231894309207318,-0.0002011277866239888
24.6,0.0886677556415614,-0.14924721833942922,0.0006551192231198708,0.2898953839507654,0.1924971630892963,-0.00019522268747898872
24.700000000000006,0.11541722539995601,-0.12734728605970208,0.0006358849639990732,0.24345683906054832,0.24386473729552843,-0.0001894909616728872
24.8,0.13706770252885497,-0.10083053500304964,0.000617215421514378,0.18828589529401038,0.2845597807486787,-0.00018392751897537614
24.9,0.1528616800951289,-0.07083839363280779,0.0005990940156209234,0.12674011910616412,0.3131798622500761,-0.0001785274186049883
