,x1,x2,x3,dx1,dx2,dx3,rkStep
0,-8.0,7.0,27.0,150.0,-15.0,-128.0,9.388275143374e-312
10,3.6803126399568336,0.37679914078059307,26.68462490795828,-33.035134991762405,4.464192436744931,-69.77226111401572,502.0
20,-2.3579349110758447,-16.131060096653787,2.503846506140611,-137.73125185577942,-43.98721032466564,31.359065738187496,9.388275143374e-312
30,12.589894838551553,3.1552708729586154,6.880791071057558,-94.34623965592937,262.73334861582566,21.375752288206904,9.388275143374e-312
40,7.3424191755833315,1.3435226790870134,11.736684914289171,-59.98896496496318,118.06855386478985,-21.433119756344876,9.388275143374e-312
50,1.2665702842275193,-5.001732368467693,-10.46890246567496,-62.683026526952126,53.72530109833834,21.58202765423978,9.388275143374e-312
60,-0.4915312260332653,-3.1847708334438862,-13.240031410779428,-26.93239607410621,-17.0859923675469,36.8721647411428,9.388275143374e-312
70,3.850051442860195,12.910728138177195,3.2233035532266547,90.60676695317,82.4808277660316,41.11149135482708,9.388275143374e-312
80,11.260090151573115,3.7875333555313473,5.129756702233219,-74.72556796041768,253.7334679657334,28.96861582941795,9.388275143374e-312
90,10.382459432838012,0.7647200390707479,5.6630259072451725,-96.17739393767265,231.1480073313099,-7.16172763619012,9.388275143374e-312
100,6.932758116573164,-4.081838134810647,-12.913902842228351,-110.1459625138381,287.72803014495514,6.13867778629589,9.388275143374e-312
110,-2.093070512212167,-10.422772341004663,-3.261605124065503,-83.29701828792496,-55.00997150859763,30.51321110663211,9.388275143374e-312
120,-0.24893936236677225,-3.2069792355829883,-12.313508484456458,-29.58039873216216,-6.828639861305065,33.634365991246725,9.388275143374e-312
130,5.2365764483695845,11.341818445547442,4.596222352351674,61.052419971778576,111.2138523870063,47.13570641403301,9.388275143374e-312
140,12.382232705869448,4.04321629552458,11.135090208057957,-83.39016410344868,204.7820213117981,20.37047116319422,9.388275143374e-312
150,4.4809038619790185,7.461172899776403,7.3909307538823805,29.802690377973846,84.88608507694506,13.723649784481598,9.388275143374e-312
160,3.574694985745483,13.913068143012795,1.3978566307902198,103.38373157267313,81.18148036898386,46.00735724505581,9.388275143374e-312
170,5.947272321011225,7.377063427374878,-2.148139613801305,14.297911063636537,171.92213282776765,49.60177743544096,9.388275143374e-312
180,-14.551849860996866,-0.7805748389220591,1.7950461428652045,137.71275022074806,-380.5499793044542,6.572018146958406,9.388275143374e-312
190,16.56028541712792,-1.8430895572925792,-11.173238018258449,-184.03374974420498,650.5630918527389,-0.7267877360705199,9.388275143374e-312
200,-3.917876568201533,-5.4234097929859555,-9.908034330336337,-15.055332247844223,-143.09558965641807,47.6696750285913,9.388275143374e-312
210,-1.0903959763210391,-8.51720487837923,-3.4697623265683784,-74.26808902058191,-25.79729733829035,18.539825466402313,9.388275143374e-312
220,4.041146646548213,12.792381232860125,0.9037723118613368,87.51234586311912,96.70744842316826,49.28582902224209,9.388275143374e-312
230,4.868859813578502,8.933680213201226,-3.269920066967255,40.648203996227245,143.31517697466762,52.216623422662884,9.388275143374e-312
240,-13.94211609551592,-1.7869044562389451,-6.932778783329376,121.55211639276973,-485.24995287991453,43.40063946935645,9.388275143374e-312
250,-6.26716555177397,1.1518985467023142,11.75873731191333,74.19064098476284,-102.938580582791,-38.57577172280013,9.388275143374e-312
260,1.1031741424053665,-5.558574834838635,-9.520535900546863,-66.61748977244001,46.95025984951418,19.25601970837247,9.388275143374e-312
270,-0.9973568801052248,-8.082412884115232,-3.7583851981214313,-70.85056004010008,-23.59203109426311,18.083410626147256,9.388275143374e-312
280,4.288956383774567,12.369904018659248,1.2833499031764652,80.80947634884681,102.21664296718345,49.63171239903667,9.388275143374e-312
290,7.752153740540856,4.6465431041356595,-2.786501107596949,-31.056106364051963,234.01514661528722,43.451386125568106,9.388275143374e-312
300,-14.923447277472713,-0.3212430427793658,1.92850506173138,146.02204234693346,-388.7553371133691,-0.34862655244423646,9.388275143374e-312
310,16.849142826656394,-2.440140757777439,-12.077733632098491,-192.89283584433832,677.7155988936954,-8.906990459341657,9.388275143374e-312
320,-3.65390739376127,-7.410406457522183,-7.0049847033346975,-37.56499063760913,-120.49456596849264,45.75689815480909,9.388275143374e-312
330,-2.474715163447025,-14.8563102640007,-0.6129298521361962,-123.81595100553675,-55.95254111172679,38.39961588889273,9.388275143374e-312
340,1.774209812693101,16.679706137276142,-2.0158858028858133,149.0549632458304,36.5747729908794,34.96899377595484,9.388275143374e-312
350,-11.422002716976039,-3.8916799486795615,-6.1456028996046035,75.30322768296477,-386.11948914338916,60.839053346364736,9.388275143374e-312
360,-8.73927763849937,-1.6481970400587462,-12.418889454083276,70.91080598440624,-351.58369973898925,47.52109008024832,9.388275143374e-312
370,-1.3561573143522063,3.4595018720817055,13.669148525812359,48.15659186433912,-22.894390919696374,-41.142691503338376,9.388275143374e-312
380,-0.8153405778862131,-8.29486252335183,-4.232358515702939,-74.79521945465618,-17.985487295477007,18.04942737848421,9.388275143374e-312
390,2.3988813781618297,15.313403795110938,-0.007617497177519182,129.1452241694911,51.87354826554765,36.75535252617104,9.388275143374e-312
400,-4.609147843179982,-10.192458280048877,1.9982868935131592,-55.83310436868895,-109.6532816036996,41.64978204882081,9.388275143374e-312
410,13.668874118441904,1.4194106252544427,-0.15203111068854328,-122.49463493187461,383.3871588052075,19.80716145415134,9.388275143374e-312
420,-2.579095218086623,-14.522146187934768,5.420627095119108,-119.43050969848144,-43.712206498438206,22.998992202673158,9.388275143374e-312
430,11.071419933613457,5.19689178133349,11.816082934326491,-58.74528152279967,173.9820502235112,26.027416769150243,9.388275143374e-312
440,4.743713765632706,11.467279567949696,4.7916849983725145,67.23565802316989,98.62632378241065,41.61966527851494,9.388275143374e-312
450,9.629073730235199,5.821204838035955,6.787978943717903,-38.07868892199244,198.4309098802059,37.95153340100232,9.388275143374e-312
460,8.742397241594526,4.03992961218624,13.273521921521109,-47.02467629408286,124.70479171950988,-0.07738895957658798,9.388275143374e-312
470,2.319793867616041,10.186553875439849,3.6577785932925133,78.66760007823808,46.2823820679921,13.876628963605743,9.388275143374e-312
480,1.1736238386944928,12.832365360774991,0.08864489152319008,116.58741522080498,19.9250663648007,14.823983516847811,9.388275143374e-312
490,-7.653188819269731,-6.82386043925623,-2.975577014759004,8.29328380013501,-230.23807924052585,60.159164457330164,9.388275143374e-312
500,-14.681853261311414,-0.7793432142273804,-0.8341819355122669,139.02510047084033,-422.55988487292007,13.66668787285123,9.388275143374e-312
510,-12.650030400477286,0.9203162765662194,9.56042581865247,135.70346677043506,-234.18149024246856,-37.13649772635666,9.388275143374e-312
520,5.943910652285847,6.979747379126833,8.58001055738303,10.358367268409854,108.45093473612287,18.60696664403479,9.388275143374e-312
530,4.3851525233369335,12.788298062981202,2.6251374689877043,84.03145539644268,98.48434439421519,49.07827093609962,9.388275143374e-312
540,11.587201923337533,3.0697158617029032,2.8771267427666767,-85.1748606163463,288.0340894642761,27.897079556112477,9.388275143374e-312
550,15.056834642584324,-0.8428496108471423,-8.43287347300982,-158.99684253431468,549.4066010481529,9.797015375600886,9.388275143374e-312
560,-4.470239687446234,1.2581511034116128,13.004931202061787,57.283907908578456,-68.28970275994169,-40.304053534106295,9.388275143374e-312
570,0.35314690916341834,-6.692126053026732,-7.711299241116523,-70.45272962190151,19.303461002236958,18.200161011619016,9.388275143374e-312
580,-1.5806099716657358,-12.716175076942134,-1.0451159367575595,-111.35565105276399,-33.192824800884246,22.886288959415534,9.388275143374e-312
590,4.337560253326347,11.611572875264876,-0.4142589428471453,72.74012621938529,111.63698734295161,51.470587496610314,9.388275143374e-312
600,-5.445527744527938,-7.468845940651297,3.803382497093215,-20.23318196123359,-124.29450599515793,30.5294544638396,9.388275143374e-312
610,13.33701518659194,1.939434476172124,9.220057813180938,-113.97580710419815,248.52893967275236,1.2794462269584308,9.388275143374e-312
620,4.004929702247135,-0.433741682925705,-5.995682073987028,-44.386713851728395,136.58405856918682,14.251380581580257,9.388275143374e-312
630,-5.369470065021522,5.910032297771528,10.170496418143221,112.7950236279305,-101.64501805474549,-58.85506528790984,9.388275143374e-312
640,4.003510865494808,13.244022810274872,2.8111677310959755,92.40511944780064,87.59974086740863,45.52614194087393,9.388275143374e-312
650,10.360276001807415,3.985557892891398,3.0365408839543826,-63.74718108916017,254.64276850917656,33.194037434325196,9.388275143374e-312
660,14.769404031742015,-0.3173232830643604,7.0,-150.86727314806376,310.4748079496467,-23.353342442923044,9.388275143374e-312
670,13.590641154958815,0.5006656085176712,4.480169118510881,-130.89975546441144,319.1489159271196,-5.142751025369589,9.388275143374e-312
680,14.011418825125544,-0.8786074048087767,-4.3584046227814115,-148.9002622993432,454.26576708747774,-0.6881240042152967,9.388275143374e-312
690,-11.632095976992028,4.310956971358007,16.047959148898972,159.43052948350038,-143.33824327229465,-92.94002297391648,9.388275143374e-312
700,1.3624205636635367,11.34358227237514,0.6072947383889187,99.81161708711603,25.976802670418156,13.835277117789259,9.388275143374e-312
710,1.963159586789016,19.13197691535612,-2.7181031999644576,171.68817328567104,41.17256186962845,44.807399095512736,9.388275143374e-312
720,-8.435664037524546,-2.824041150630181,-0.3776159175007293,56.11622886894365,-236.55999291531484,24.8296381548624,9.388275143374e-312
730,-6.072941449238607,-2.6783903163304394,5.907080201382015,33.94551132908168,-131.49061806340097,0.5134936989303913,9.388275143374e-312
740,11.991710872495716,2.990717628587902,16.054805410522885,-90.00993243907814,140.2526022041218,-6.948993324758881,9.388275143374e-312
750,0.8898618755111675,8.505509665712355,2.9275096806343366,76.15647790201187,13.805543593613963,-0.23796369838240494,9.388275143374e-312
760,0.7946022012114488,10.540890730863985,-2.7945298718760707,97.46288529652537,13.928510490600456,15.827894635810068,9.388275143374e-312
770,-6.45127320193296,-9.092952469773946,-2.1070350347390474,-26.416792678409866,-185.13575583949483,64.27988068734024,9.388275143374e-312
780,-16.581684123908026,0.967025934366726,-0.3741937415905013,175.48710058274753,-471.45894382798843,-15.037068605721394,9.388275143374e-312
790,-6.3479213709727444,0.15703300183197166,7.580946526563697,65.04954372804717,-129.7755789208935,-21.212690552447032,9.388275143374e-312
800,8.700099439582777,5.3589464816464725,12.794430192981176,-33.41152957936305,126.93102287493478,12.504886767110108,9.388275143374e-312
810,3.5515745574213704,15.021800830641244,2.056206813043773,114.70226273219873,77.11951497515439,47.86782746863992,9.388275143374e-312
820,11.593131310252323,1.8678856497851013,5.410061184204067,-97.25245660467222,260.02024133230304,7.2278137859504845,9.388275143374e-312
830,11.377819482533797,0.8839466615920282,10.624462982700571,-104.93872820941768,196.81177693332458,-18.274515739419034,9.388275143374e-312
840,-1.3600030245072663,-3.5831528632326477,-17.91764605865391,-22.231498387253815,-58.86498465479083,52.65348822101203,9.388275143374e-312
850,1.0342842367992129,3.2674212003679566,18.314836892334064,22.331369635687437,6.749790332720198,-45.460122803700024,9.388275143374e-312
860,-3.9075872283254314,-15.892953470029724,-1.0315645402123221,-119.85366241704293,-97.55041734560942,64.85394077375803,9.388275143374e-312
870,-8.925858521400189,-2.614113499057217,-1.3317265178549569,63.11745022342972,-259.1967275877183,26.88447796574701,9.388275143374e-312
880,-15.099648910096686,2.9813216607968114,6.6693202515269885,180.80970570893498,-325.0670968764488,-62.80176437017018,9.388275143374e-312
890,7.080231442563225,0.6568675671359863,8.994050395651033,-64.23363875427239,133.90965441734767,-19.333359985966535,9.388275143374e-312
900,-1.285051510875406,-5.217731684316481,-12.896549788884904,-39.32680173441075,-47.336441411481324,41.09585342129978,9.388275143374e-312
910,-1.1465621176980612,-12.037075209122152,1.20897739918601,-108.90513091424091,-18.680496399363754,10.577314711499234,9.388275143374e-312
920,2.016041839812066,19.309748098665434,-2.9398886440824965,172.9370625885337,43.066361926931094,46.768963134027665,9.388275143374e-312
930,-9.267739071402644,-2.134318556651988,-1.2299546586013606,71.33420514750657,-268.7612742881956,23.060186567906957,9.388275143374e-312
940,-14.513174515799525,3.1729971775327765,7.002907098942866,176.861716933323,-307.9074707750303,-64.72468070618683,9.388275143374e-312
950,6.6023279662292955,1.2517501002321734,13.681423439832578,-53.50577865997123,93.28418835955647,-28.219331146060334,9.388275143374e-312
960,-2.3634391150536347,-4.657898361478593,-13.621678810439715,-22.944592464249585,-93.71240537331369,47.333136009301974,9.388275143374e-312
970,0.7748791991302099,3.577972575875457,16.07155883594369,28.03093376745247,5.665128360200324,-40.08499370507894,9.388275143374e-312
980,-4.437753761654737,-15.692498093356145,-1.696532057952144,-112.54744331701406,-116.09339875492147,74.1635279314234,9.388275143374e-312
990,-11.878036093709964,-1.0101620073231343,-3.7867384823170447,108.67874086386831,-376.5538649869582,22.096710069657483,9.388275143374e-312
1000,-16.84434244541312,0.9270389631135382,3.251416845023312,177.71381408526656,-417.8006486643235,-24.285806674987303,9.388275143374e-312
1010,18.285785004764804,-4.103119832390799,-15.832800887358667,-223.88904837155604,805.6202930152953,-32.807964737594986,9.388275143374e-312
1020,-1.2967992717438208,-10.01511487820652,-1.8182549132746084,-87.18315606462698,-28.6531763779996,17.83627344922121,9.388275143374e-312
1030,-2.304433793330294,-19.17546730329976,1.9977694815645144,-168.71033509969467,-40.74495140534726,38.861209572452054,9.388275143374e-312
1040,6.027918543809342,6.9568782395634665,-1.8185475390241057,9.289596957541244,172.78689742038034,46.78495545135259,9.388275143374e-312
1050,-14.41738898936515,2.166819121585482,4.061668320104723,165.84208110950635,-347.2950587070786,-42.070989665771656,9.388275143374e-312
1060,15.847108371603827,-1.459597183800203,-8.29405269025005,-173.06705555404028,576.6153834108922,-1.0129209099027712,9.388275143374e-312
1070,-0.6516701799341,3.35133194196607,18.332581243424627,40.0300212190017,-9.651300462561837,-51.07084640543893,9.388275143374e-312
1080,-0.7705281761303161,-0.29267380474750904,-5.19372170450204,4.77854371382807,-25.284024039199736,14.07543795831199,9.388275143374e-312
1090,-2.7414280997874925,7.668548377031218,9.077012808737637,104.09976476818711,-59.54455719507666,-45.22814149534018,9.388275143374e-312
1100,5.912048827698414,11.771564879453877,4.5293421653328965,58.595160517554625,126.98811025730038,57.51582057153006,9.388275143374e-312
1110,13.922701066761418,3.309881078891978,13.57317672053352,-106.1281998786944,197.55046678411446,9.887346906520065,9.388275143374e-312
1120,2.5056098174150376,10.22837619807475,3.4060904672031564,77.22766380659712,51.3943649759183,16.545411905568642,9.388275143374e-312
1130,5.791536216487372,10.877744459873991,2.1400239513537307,50.86208243386619,138.8912433833569,57.2921204561118,9.388275143374e-312
1140,16.095022430278927,-0.6067965096531481,1.9492829818218784,-167.01818939932076,419.893671242079,-14.964491385007392,9.388275143374e-312
1150,20.753980378576934,-3.582201244709871,-12.167535824913118,-243.36181623286805,837.2184516107427,-41.89817214505422,9.388275143374e-312
1160,-1.1641417738533817,-4.591312122605606,-13.907699871052005,-34.271703487522245,-44.195191943396004,42.4321378948633,9.388275143374e-312
1170,0.2384793311791125,-1.5392446368077033,-21.77258624682811,-17.777239679868156,13.408977716005964,57.69315196003468,9.388275143374e-312
1180,5.121957060539819,13.433151107672026,2.696625892100471,83.11194047132207,116.1696445597644,61.613020782304424,9.388275143374e-312
1190,10.408578645990982,3.4695654047829265,6.295000868452528,-69.39013241208056,222.4486250670949,19.326575400552557,9.388275143374e-312
1200,9.653660834534897,2.7291528631416364,16.9903375566807,-69.2450797139326,103.55439426737966,-18.96125071144601,9.388275143374e-312
1210,-0.0018296258844109961,4.934863909701841,10.99223285048616,49.366935355862516,-4.965981760714627,-29.321649889374992,9.388275143374e-312
1220,-2.082352134460221,-14.3713066478405,1.6034717264906957,-122.88954513380278,-40.595560344841175,25.65019646913784,9.388275143374e-312
1230,2.1922407353585456,20.452089399754104,-3.0649273277176032,182.5984866439556,47.649709729021325,53.009043045915924,9.388275143374e-312
1240,-11.018066700242343,-0.9745606317931632,-2.3051016055275624,100.43506068449179,-332.9290702155308,16.88471165926756,9.388275143374e-312
1250,-19.568274734493414,2.233660935649775,7.488011372429299,218.0193567014319,-403.6178897507578,-63.67692117897854,9.388275143374e-312
1260,3.602592803092426,-1.060435928381753,-10.111678473414656,-46.630287314741786,138.36129451047793,23.14415708537701,9.388275143374e-312
1270,2.41403826664716,6.032030392234821,10.249645213244868,36.179921255876614,36.81800530955566,-12.77083504288611,9.388275143374e-312
1280,1.744140139902488,15.273471156145074,-1.2534029722565538,135.29331016242588,35.74856319651033,29.98148204509296,9.388275143374e-312
1290,-0.8103898559174415,-11.51158898177682,4.483207273051203,-107.01199125859378,-7.546181287855552,-2.6263444584802844,9.388275143374e-312
1300,8.907901443853646,5.3247871837195335,5.344715384089363,-35.83114260134113,196.48625535726615,33.180105084496994,9.388275143374e-312
1310,12.4963240591139,2.4164461649076907,15.808964371570045,-100.79877894206209,149.9266856641563,-11.960543976097295,9.388275143374e-312
1320,0.1431830812443601,5.077681599226369,10.984762830973237,49.344985179820085,-2.6413875132615545,-28.565662785640278,9.388275143374e-312
1330,-1.3694900719890422,27.0,18.536410275841348,283.6949007198904,-39.960292172612796,-86.40665934594773,9.388275143374e-312
1340,30.127189531636013,14.460424466122769,36.77990614748851,-156.66765065513243,-278.9743210414853,337.57219887215115,9.388275143374e-312
1350,20.508232518325656,9.74138818206953,41.41409796793332,-107.66844336256126,-284.8408283320458,89.34105930799605,9.388275143374e-312
1360,20.334183101877613,28.254007701058523,24.156265119584607,79.1982459918091,49.905201152381736,510.1054589696252,9.388275143374e-312
1370,15.93672432439419,32.95050088391748,14.96403072486906,170.13776559523285,174.80014775511708,485.21896700471575,9.388275143374e-312
1380,20.395893820500035,26.345957549025712,14.371300566703088,59.50063728525677,251.62354900400712,499.0258845914549,9.388275143374e-312
1390,36.69049912349487,16.552330270605797,8.37948960609937,-201.3816885288907,703.3339891393272,584.9679536691946,9.388275143374e-312
1400,41.873288052239104,19.33296494799381,33.763045073974304,-225.40323104245294,-260.6506113885574,719.5000233072551,9.388275143374e-312
1410,21.3382315292972,24.04325386074543,26.227483785787555,27.050223314482302,13.779107507553064,443.1005608361547,9.388275143374e-312
1420,14.677951162142891,36.45283799345695,16.559634977663475,217.74886831314063,131.46828108148634,490.8939491823655,9.388275143374e-312
1430,10.45283363318109,34.97834518786792,16.894639815380984,245.25511554686832,81.10413725850788,320.57045017174784,9.388275143374e-312
1440,36.462478811282814,19.290642875452605,19.969587523768105,-171.7183593583021,273.51810188501406,650.1324237054995,9.388275143374e-312
1450,27.561614165636662,12.319446779415,6.45566430377388,-152.42167386221664,581.4772211349225,322.32873405826774,9.388275143374e-312
1460,41.97039528163279,20.500593601837565,33.422713831541245,-214.69801679795225,-248.09403661080108,771.2907800931248,9.388275143374e-312
1470,20.930211960963334,31.618085214733693,22.735196062039773,106.8787325377036,78.57537713968831,601.1460358454043,9.388275143374e-312
1480,25.259200555214747,26.119888082607183,18.16774265282441,8.60687527392436,222.23507216018479,611.3201778174733,9.388275143374e-312
1490,31.92125786104853,16.10937222136664,36.652418647891736,-158.1188563968189,-292.30545900246364,416.4916415968121,9.388275143374e-312
1500,19.886487137305,12.404206572052756,34.592814008638115,-74.82280565252245,-143.51211755347882,154.4285904205663,9.388275143374e-312
1510,15.524670431661725,31.53044207834746,22.540329116990065,160.05771646685733,53.22914904572133,429.39217751896996,9.388275143374e-312
1520,10.42545681149588,36.5542806495621,21.884185270073854,261.2882383806622,27.205881684393283,322.7372468004457,9.388275143374e-312
1530,24.053858216453023,26.30597237302513,15.077251612818385,22.521141565721088,284.5359850991384,592.5541254058278,9.388275143374e-312
1540,35.83131526226725,16.369414170021212,14.323779521910273,-194.6190109224604,473.6675533766871,548.3408943928941,9.388275143374e-312
1550,30.040173826753787,14.999884135431365,37.872538217611655,-150.4028969132242,-311.5726483037555,349.60569156256025,9.388275143374e-312
1560,18.226766071765653,10.4480303432969,37.02540712076619,-77.78735728468753,-174.9520146359502,91.69938598927213,9.388275143374e-312
1570,17.004557381196207,35.31493412389881,20.682356294240748,183.103767427026,89.11835816583365,545.361873605026,9.388275143374e-312
1580,14.111648867305991,32.715173364102505,14.514837601064892,186.03524496796513,157.58270332826746,422.9588055444166,9.388275143374e-312
1590,20.149773969345233,26.371605903260626,15.02636865689774,62.21831933915393,235.04413322186275,491.3115817409581,9.388275143374e-312
1600,35.50976037105973,16.11917903834118,13.469349277306906,-193.90581332718546,499.8607461600564,536.4699202902192,9.388275143374e-312
1610,30.64038935137805,15.467819398925474,37.39833807240803,-151.72569952452577,-303.43655719338744,374.21110727345354,9.388275143374e-312
1620,18.09580808605537,13.983276129505287,31.21097303612337,-41.125319565500845,-72.08842796069233,169.8094198241845,9.388275143374e-312
1630,14.542522654142404,36.960539322591856,20.379720014801645,224.18016668449454,73.85755499306316,483.15356036864216,9.388275143374e-312
1640,9.506690351841444,39.399959195192814,21.392584300444398,298.9326884335137,23.414695886378112,317.51632047603437,9.388275143374e-312
1650,27.22605578096095,24.802198528833127,17.208835058590562,-24.238572521278243,268.99866010753044,629.3758138135702,9.388275143374e-312
1660,32.01587247678449,15.172538380557866,33.57344042112066,-168.4333409622662,-193.61109616011288,396.2328794847371,9.388275143374e-312
1670,21.81362915819338,10.094314689827664,36.897356340276254,-117.19314468365715,-204.17794638491446,121.80068700926782,9.388275143374e-312
1680,21.901948170522733,24.97657872551697,25.89629887482075,30.746305549942363,21.0985742844293,477.9789357237314,9.388275143374e-312
1690,15.825022192160935,34.370926652306856,15.867897056912707,185.4590446014592,157.61987165963055,501.60628488612457,9.388275143374e-312
1700,22.97283939390019,25.49299070499977,12.611483561163645,25.201513110995784,328.0249259547807,552.0157583063803,9.388275143374e-312
1710,39.74371175923049,18.36613960262278,14.999363046802303,-213.77572156607712,498.32742815166705,689.9402570382883,9.388275143374e-312
1720,30.401649892052628,14.018001451806441,35.789889760572905,-163.83648440246188,-250.84350265042957,330.73066629591045,9.388275143374e-312
1730,21.121380764707318,11.557859935008235,37.78095729327123,-95.63520829699084,-218.1451831695309,143.36874106374106,9.388275143374e-312
1740,16.75521273209029,28.42382757116305,23.64641241013549,116.6861483907276,44.521458644805065,413.1901778547288,9.388275143374e-312
1750,10.60712209609129,5.352865799457447,44.23211584575112,-52.54256296633842,-177.5289004532377,-61.17380782316651,9.388275143374e-312
1760,21.609652666478553,32.45646457017906,21.826197757292018,108.46811903700505,100.95725752626674,643.1697321239911,9.388275143374e-312
1770,31.34314085273493,22.993359534172072,27.820227640711945,-83.49781318562859,-17.35872915557809,646.4968328485656,9.388275143374e-312
1780,25.066887833930405,22.631040251463237,28.319688394891948,-24.358475824671686,-30.644633388028943,491.77057849554797,9.388275143374e-312
1790,18.463971403921253,33.02237675186209,17.481593078404657,145.58405347940837,161.1891878632817,563.1066384934833,9.388275143374e-312
1800,35.659871951076774,20.13581096365983,19.97525682565037,-155.24060987416945,266.0255030739254,664.7730890601297,9.388275143374e-312
1810,27.834499421636824,12.605008426208162,21.82649741485012,-152.29490995428662,159.2313457096196,292.6501066427514,9.388275143374e-312
1820,25.583092575898924,17.814281484745152,31.55926634259696,-77.68811091153772,-108.87132182968435,371.5863688170988,9.388275143374e-312
1830,15.327262607046073,36.11303606677443,20.61875939454098,207.85773459728352,77.02117705888773,498.53062894773524,9.388275143374e-312
1840,9.32963262266792,19.198444419513255,26.297636842100626,98.68811796845335,-3.316021565947281,108.98740178183272,9.388275143374e-312
1850,22.795887333277808,28.34858221803093,18.873650516740753,55.52694884753123,179.694652366465,595.9013515890871,9.388275143374e-312
1860,32.65863155588542,17.713776341361207,35.692129866276545,-149.44855214524213,-268.9282115241091,483.3286820191382,9.388275143374e-312
1870,19.796635127096184,23.637032797394692,25.98376776526948,38.40397670298508,16.277581085055157,398.64366640317644,9.388275143374e-312
1880,12.54614137503368,39.53715816752339,19.539174882138887,269.9101679248971,66.61354991059812,443.93430958444554,9.388275143374e-312
1890,15.879441459549572,30.232289285938894,13.541866808109212,143.52847826389322,199.35479034906146,443.96022308260984,9.388275143374e-312
1900,23.007248527258096,25.253972539658257,16.038020151190054,22.467240124001613,249.9582707199654,538.256368783962,9.388275143374e-312
1910,33.273084588613465,15.243171232328448,23.40911735352241,-180.29913356285016,137.509655400318,444.76301286925735,9.388275143374e-312
1920,25.259740405274343,13.219728319200012,38.21840265843309,-120.4001208607433,-271.33392682778515,232.0111651487578,9.388275143374e-312
1930,17.113362823961147,10.480309847351837,35.515444888378696,-66.3305297660931,-139.09484500566063,84.64549188958833,9.388275143374e-312
1940,16.847095661987534,36.37238833654808,19.67960396775316,195.25292674560544,103.80211956433595,560.2901618467768,9.388275143374e-312
1950,17.515786549492507,29.13332185629741,12.974830509444747,116.17535306804903,234.0443398102155,475.6934990873843,9.388275143374e-312
1960,9.097368296648199,33.97645380052504,18.706389057809158,248.79085503876843,50.57094774634472,259.21260948327097,9.388275143374e-312
1970,34.085129570769084,18.619273319286204,34.03929272930687,-154.6585625148288,-224.4693485135146,543.8688963232823,9.388275143374e-312
1980,21.22859346838976,21.225789258170973,27.546151232108173,-0.028042102187875173,-11.591218268465788,377.1372479218041,9.388275143374e-312
1990,13.383556671799932,38.907178668924644,19.47492013598401,255.23621997124712,75.1887108227538,468.7833102927744,9.388275143374e-312
2000,7.0,0.37679914078059307,2.400887895792711,-66.23200859219408,178.81698558867043,-3.7647737366497442,9.388275143374e-312
2010,5.523676640115935,8.959825808287054,-0.4444940646111621,34.361491681711186,148.15836159632198,50.67649802237285,9.388275143374e-312
2020,-5.641871582318452,-6.733758003709962,4.5213029662478705,-10.918864213915098,-125.73003558088072,25.934190013346345,9.388275143374e-312
2030,12.222464697192486,2.5364831866506066,12.22879915302965,-96.85981510541879,190.22646239777674,-1.608054870886395,9.388275143374e-312
2040,2.6053806875333065,2.51523396773052,15.713529399214153,-0.9014671980278655,29.495699253502668,-35.349603060418204,9.388275143374e-312
2050,-1.1661496388560164,-9.789469804632905,-3.8251545559860594,-86.23320165776889,-27.323422687367145,21.616398826560697,9.388275143374e-312
2060,-0.6377995943658666,-7.878187242783722,-2.945554044164852,-72.40387648417854,-11.858874574011626,12.879515412225407,9.388275143374e-312
2070,6.510474974261798,9.060694173815943,3.9415783818631462,25.50219199554145,147.57105769130308,48.47854698309998,9.388275143374e-312
2080,13.397064384578275,2.336799251343088,9.849809750750179,-110.60265133235188,240.82246811020158,5.040090688743852,9.388275143374e-312
2090,3.9125544591310604,1.1442288803225673,12.469812556606598,-27.68325578808493,59.61847525246749,-28.77597567631166,9.388275143374e-312
2100,0.273787421345435,-7.4119058544316925,-7.117887824420079,-76.85693275777128,17.026741804977917,16.951747607313557,9.388275143374e-312
2110,-2.8484800624248656,-14.736852952894836,-0.8086100904993919,-118.8837289046997,-67.32389851606449,44.13392539387299,9.388275143374e-312
2120,-0.5055002859968335,-8.421212781129665,-1.5052455279327188,-79.15712495132831,-6.493697271647116,8.270913543788485,9.388275143374e-312
2130,8.121305188243634,7.582828603188325,6.316680214995118,-5.384765850553084,168.51402886511767,44.737984703315256,9.388275143374e-312
2140,9.960760107989968,4.584817165754925,12.600336694112825,-53.75942942235043,148.80753476800297,12.067366076111753,9.388275143374e-312
2150,3.4003292268233394,12.034228782070668,3.5022259794720982,86.33899555247328,71.26626821204387,31.581070571361273,9.388275143374e-312
2160,6.499963230701968,8.04008107383717,1.5104611511414974,15.40117843135202,164.14094744199443,48.23233494876041,9.388275143374e-312
2170,12.212007583583233,1.2570589734157245,-4.269506327093094,-109.54948610167509,392.8183970115323,26.736563921945766,9.388275143374e-312
2180,-11.843253316611367,0.2638723205915054,4.2220867963283775,121.07125637202871,-281.87172173207273,-14.384004859549623,9.388275143374e-312
2190,10.238352946566346,-3.7201515402973566,-13.318403057245677,-139.58504486863703,426.75254522886456,-2.572482998288301,9.388275143374e-312
2200,-2.4781862943605257,-10.208894955980304,-3.7924859770995134,-77.30708661619778,-68.57880805611693,35.412839499408726,9.388275143374e-312
2210,-1.7845144489219855,-15.326719275815195,0.5188872475549312,-135.4220482689321,-33.71372350337727,25.967052675450176,9.388275143374e-312
2220,7.861023304514991,5.867467579727676,1.0902195769729237,-19.935557247873152,205.67094344506944,43.2170471774643,9.388275143374e-312
2230,10.920469000387339,1.3060531501129116,-6.032810726713968,-96.14415850274428,370.3482013870167,30.350208209903528,9.388275143374e-312
2240,-9.00127172880885,-1.8926210898715423,-13.131241102148664,71.08650638937308,-368.3408566137198,52.05263964867122,9.388275143374e-312
2250,-1.2709263948021918,2.431853931750484,15.853751933563522,37.027803265526764,-17.86884119719969,-45.36737917300123,9.388275143374e-312
2260,-1.3854130340110242,-10.514186241028764,-3.5281744795496244,-91.28773207017738,-33.165357621513024,23.974955939139623,9.388275143374e-312
2270,-1.6518169952007808,-15.13668646106876,0.5628243567715716,-134.8486946586798,-30.184506566724874,23.502170996028084,9.388275143374e-312
2280,8.16708694735492,5.735966644294398,1.7820986946523374,-24.311203030605213,208.38791289365,42.09387512534041,9.388275143374e-312
2290,14.428895880507467,0.20628137079063955,-5.628197324929097,-142.22614509716828,485.01147647977103,17.98493862103742,9.388275143374e-312
2300,-8.773888066524322,0.3433305624742872,4.671504613943381,91.17218628998609,-205.02493784016414,-15.46968956214858,9.388275143374e-312
2310,8.699215717712365,-4.456626023206807,-12.369489178204415,-131.55841740919172,355.6395207982619,-5.783846673834837,9.388275143374e-312
2320,-2.9380383366088787,-12.424517222551556,-2.881257029325564,-94.86478885942677,-78.30579981227936,44.18705999191524,9.388275143374e-312
2330,-4.693592835023236,-10.865659716946494,0.2798073748942036,-61.72066881923258,-119.241637773714,50.25282959554279,9.388275143374e-312
2340,4.2204398874669655,10.110470446570778,-3.9457460214150233,58.900305591038126,124.71463029709831,53.19262214420332,9.388275143374e-312
2350,-13.043744831505888,-2.678069495483025,-11.111996005003984,103.65675336022863,-507.48882624466665,64.56404448679758,9.388275143374e-312
2360,-3.4017390029513686,-2.9385060210945046,-14.943754226088126,4.632329818568639,-143.14493766294714,49.84604181193295,9.388275143374e-312
2370,0.645101164654755,7.395606487278961,5.3896535342172776,67.50505322624205,7.190354351044997,-9.601495066307486,9.388275143374e-312
2380,-1.859721683153691,-14.714921170932234,-0.2419645524835411,-128.55199487778543,-37.80727268217933,28.01089677410275,9.388275143374e-312
2390,4.963911711076427,9.850475255807956,-1.017313557846529,48.86563544731529,134.18890733796317,51.60972563623108,9.388275143374e-312
2400,-10.023394412034095,-2.444679246277562,3.8796798372002166,75.78715165756533,-239.3228030900031,14.158171397153662,9.388275143374e-312
2410,12.966577343555887,0.24274655170527226,-0.3720648622505224,-127.23830791850615,367.64582688105037,4.139764903569294,9.388275143374e-312
2420,-7.07179569519547,-2.48569003652071,8.042703467377018,45.8610565867476,-138.64823367062198,-3.8689171464812873,9.388275143374e-312
2430,7.968145465869174,6.8218401460397375,9.562372430214012,-11.463053198294366,140.09185837553497,28.85775481464681,9.388275143374e-312
2440,5.529204111360884,11.43334341786953,4.469941929435461,59.04139306508646,118.66915040645625,51.297444287523874,9.388275143374e-312
2450,12.472529444213068,3.923460042655232,10.906281086160822,-85.49069401557836,209.27845242130573,19.85205467544865,9.388275143374e-312
2460,4.518195225338559,6.846415408852649,8.09863108629238,23.282201835140903,83.07185459476234,9.337091847516032,9.388275143374e-312
2470,2.9454279309226763,14.491624270246144,1.1856674144899957,115.46196339323467,64.48805987616508,39.522255118046616,9.388275143374e-312
2480,2.503633760288928,15.806899052677322,-2.290627412939012,133.03265292388394,60.02973835869007,45.683025881599384,9.388275143374e-312
2490,-12.514125252812706,-2.9845071235615475,-5.617906710574559,95.29618129251159,-417.71418818994124,52.32958052369313,9.388275143374e-312
2500,-9.129691285058767,-0.313386165880008,-2.0388336157649647,88.16305119178759,-273.9318913092997,8.298008589532596,9.388275143374e-312
2510,-16.9478967563392,3.7083253908038394,12.342002263271306,206.5622214714304,-269.07845444387465,-95.76032189764484,9.388275143374e-312
2520,4.079767473934938,10.991964048672562,4.583619776887752,69.12196574737624,84.54142234287414,32.62167132873584,9.388275143374e-312
2530,7.35478392153427,7.554136293635466,3.570930926727764,1.9935237210119627,172.11638814451726,46.036557682234566,9.388275143374e-312
2540,13.91589616220334,1.4538231198325915,6.159187809665421,-124.62073042370749,302.4806514190483,3.806750748026392,9.388275143374e-312
2550,7.079340839443827,-2.016027656106578,-14.480767333700573,-90.95368495550404,302.75185873248427,24.34323263721135,9.388275143374e-312
2560,-0.687802513147755,2.7050890111497288,15.338310072304427,33.92891524297484,-11.41383116411636,-42.76272721296896,9.388275143374e-312
2570,-1.833971557404845,-11.925329882136008,-2.8645258845227346,-100.91358324731164,-44.6793327228643,29.509451508568137,9.388275143374e-312
2580,-2.932192476113407,-14.938470623178224,0.949528431907018,-120.06278147064818,-64.37871858410365,41.270395347505634,9.388275143374e-312
2590,8.950246746479108,4.04989625491794,-1.072242329293594,-49.003504915611686,256.15384606569427,39.106883657273464,9.388275143374e-312
2600,-12.046566537607108,-0.5616948144329866,6.960488085046251,114.84871723174122,-252.89218538783487,-11.794807604227483,9.388275143374e-312
2610,7.649203263382687,2.468065135817774,14.65934419088984,-51.81138127564913,99.57732281489285,-20.212852617901216,9.388275143374e-312
2620,0.8180442655909537,-0.9898691667229133,-13.635719993293273,-18.07913432313867,35.04973115098709,35.55216318659242,9.388275143374e-312
2630,1.0423429616988913,9.649888962985226,5.603337754952864,86.07546001286336,13.695114293686945,-4.883740171464172,9.388275143374e-312
2640,6.3429032924288125,9.198318463455518,3.3293090077775767,28.554151710267057,147.28548865760595,49.465887112587204,9.388275143374e-312
2650,14.022310970401973,1.8227682314070088,6.273160238557668,-121.99542738994964,302.8377353076316,8.830995664938257,9.388275143374e-312
2660,7.25838592871176,-1.1766634425954496,5.424172538119649,-84.35049371307208,165.0407318209323,-23.005137476216746,9.388275143374e-312
2670,16.390602561003686,0.816111568502104,9.518798956910603,-155.74490992501583,302.101909578783,-12.00690352033962,9.388275143374e-312
2680,0.6702359776010306,-0.9569887534971108,-10.597213622418595,-16.272247310981413,26.826229958394652,27.617828033696256,9.388275143374e-312
2690,3.171111032129428,7.062997039616213,7.839497678507148,38.91886007486785,56.868194285340714,1.4922206895387333,9.388275143374e-312
2700,2.884992903325849,17.475590993307677,-0.12075506040573325,145.90598089981827,63.65258779212732,50.738969491533055,9.388275143374e-312
2710,4.371965876456315,13.199670539969585,-2.65655340054061,88.2770466351327,120.82973481695475,64.79265158265436,9.388275143374e-312
2720,-15.762078626119134,0.8121132822377058,-1.0208995528833795,165.7419190835684,-458.24181383549114,-10.078194600257387,9.388275143374e-312
2730,-14.74911689812699,4.599268470651468,9.964871494645775,193.48385368778457,-270.6014870688632,-94.40813897189699,9.388275143374e-312
2740,3.706037658596864,5.5803747023886965,11.532887810191289,18.743370437918326,55.447363201381854,-10.07328869770966,9.388275143374e-312
2750,2.050681573958911,15.705096705348678,-0.6033323084403459,136.54415131389766,42.951229813393546,33.815038586742254,9.388275143374e-312
2760,1.8823723871363105,20.45043993015951,-3.58051455265432,185.68067543023201,38.99584863531339,48.04338223640027,9.388275143374e-312
2770,-11.824948440632415,-1.2796491853075769,-4.353148670683254,105.45299255324838,-381.29466573763705,26.740182093514715,9.388275143374e-312
2780,-14.827392136075748,0.3398044802304511,-0.9258700701390749,151.671966163062,-429.23502288735943,-2.5694274242680986,9.388275143374e-312
2790,-16.133142935640173,5.770462952180811,11.551352455478618,219.03605887820984,-271.13884488591106,-123.89931016029216,9.388275143374e-312
2800,3.750292534854773,8.98681080248958,5.537827283212517,52.36518267634808,75.25290785389707,18.935630042828866,9.388275143374e-312
2810,6.103351431958388,10.756213420063519,3.4773513323532095,46.528619881051306,138.91412944103098,56.37601369351949,9.388275143374e-312
2820,16.06332015797508,1.3174198024813486,10.661830314661687,-147.45900355493734,277.19115080640603,-7.2694114360503015,9.388275143374e-312
2830,1.1665274865078898,2.1635027102130797,19.2766573306188,9.9697522370519,8.012516287847198,-48.880634169718924,9.388275143374e-312
2840,-2.326508412884284,-7.335678786138144,-4.0860121682736805,-50.09170373253859,-67.31269845925809,27.962550858896975,9.388275143374e-312
2850,0.8594600180875414,7.935666909695492,-0.6856221111337888,70.7620689160795,16.71847838879193,8.648714055433695,9.388275143374e-312
2860,-5.804387983165912,-11.581105207307909,-2.21462695326093,-57.76717224141996,-163.79631239604072,73.12689977244068,9.388275143374e-312
2870,-15.968784192363332,0.3612988504247518,-2.9851085318545776,163.30083042788084,-495.15581017256636,2.1907860468970526,9.388275143374e-312
2880,-19.709239091956587,2.724201519678658,12.990668096860356,224.33440611635245,-298.5467126091897,-88.33372067764577,9.388275143374e-312
2890,-0.21563893482908292,1.6643940854060584,18.656845920649644,18.80033020235141,-3.67914187902117,-50.11049728944517,9.388275143374e-312
2900,-3.3863184582644483,-9.833292042004658,-2.2203396752183044,-64.4697358374021,-92.50240201520853,39.21956414792743,9.388275143374e-312
2910,-2.645319147213226,-19.131013038308172,1.5244746871316623,-164.85693891094945,-50.90520100435087,46.54236926347138,9.388275143374e-312
2920,4.321124657795485,13.292518211894029,-2.9472223836181177,89.71393554098543,120.43428752023858,65.29788789925915,9.388275143374e-312
2930,-16.346547960703894,0.4286981659533645,-2.7805535992646813,167.7524612665726,-503.5844938333504,0.4070744676166793,9.388275143374e-312
2940,-20.363603179316737,2.9602925373410867,13.277604539683313,233.23895716657825,-302.7613115402043,-95.68916796426205,9.388275143374e-312
2950,0.06335268241898143,2.8102726598986507,19.846136883061174,27.469199774796692,-2.2937035593633794,-52.744993376829825,9.388275143374e-312
2960,-2.22031136754405,-9.707862093788028,-0.5902857934135349,-74.87550726243978,-53.7714744546612,23.128572010490302,9.388275143374e-312
2970,0.7915955935216371,8.879664473891449,-2.3564251805677654,80.88068880369812,15.15034793411526,13.312903750997137,9.388275143374e-312
2980,-6.849178336573652,-8.869957305818868,-3.2655463109565717,-20.207789692452167,-205.27334516832514,69.46004292123197,9.388275143374e-312
2990,-16.870083219989635,-0.5960352034816453,-8.026661564248124,162.7404801650799,-607.1767435237862,31.45959432277381,9.388275143374e-312
3000,-2.7089910531715087,0.8081970942846429,7.97456899865139,35.171881474561516,-55.0569105128414,-23.454916027353345,9.388275143374e-312
3010,-0.9844304990531044,-6.111466438723199,-10.80033707383293,-51.27035939670095,-32.08476875029882,34.817212819773054,9.388275143374e-312
3020,-2.6009816980275877,-16.587633392033258,-0.03766158239004271,-139.8665169400567,-56.337811239254464,43.24456175264322,9.388275143374e-312
3030,-4.993356679781627,-10.97014943373116,1.8130704103917392,-59.76792753949533,-119.79053035551038,49.94301452541281,9.388275143374e-312
3040,12.936601120318908,-1.7957860625740178,-3.1604719106119084,-147.32387182892927,404.90638189106187,-14.80344289398303,9.388275143374e-312
3050,-19.175663534854227,1.9064612988972685,8.712369750829343,210.82124833751496,-371.7595693416704,-59.79064641208676,9.388275143374e-312
3060,1.052114039806397,-1.870875120547873,-17.07984804341831,-29.2298916035427,49.30001615936721,43.577887468062585,9.388275143374e-312
3070,2.6435374265468448,6.541703029707854,6.6720614322676655,38.98165603161009,49.839500805184485,-0.49892702699284186,9.388275143374e-312
3080,-0.2710116661052293,-0.7099218493100827,-13.989613413008867,-4.389101832048534,-10.669753240863935,37.49803287120967,9.388275143374e-312
3090,6.420066875619972,11.065756170754607,4.608588278122744,46.45689295134635,139.1086713988583,58.75332590388831,9.388275143374e-312
3100,9.309280223335938,5.8230015870130885,7.269584946542842,-34.862786363228494,187.16224129168123,34.822393656987146,9.388275143374e-312
3110,8.732353318023392,5.2034140793473895,13.114483328752275,-35.28939238676003,124.78217681531518,10.466094657499411,9.388275143374e-312
3120,3.3297618659847315,15.086864148412259,1.8083979683614888,117.57102282427527,72.12493350558587,45.41327033637805,9.388275143374e-312
3130,10.785435737690987,2.0639223545709795,4.354481637174882,-87.21513383120009,252.96329643207153,10.648350890342819,9.388275143374e-312
3140,14.973650368202579,0.07286429843133857,4.5706854329381725,-149.0078606977124,350.749500395388,-11.09744995879989,9.388275143374e-312
3150,10.827774425884456,-4.006048195899871,-16.560507564720606,-148.33822621784327,486.4971724096126,0.7847673014964229,9.388275143374e-312
3160,-0.9096784370123481,-9.488539426659768,-1.3055858882406899,-85.78860989647421,-17.170120139886144,12.113082083815739,9.388275143374e-312
3170,-0.2104486259296088,-3.9389164975770488,-12.147283986712502,-37.284678716474396,-4.510024252232384,33.221696862466565,9.388275143374e-312
3180,5.807565004198301,12.99732928855984,3.5025451951185733,71.89764284361539,129.27323192819904,66.14271420396553,9.388275143374e-312
3190,14.93819394767019,2.0593465544897605,11.417179761906095,-128.78847393180428,245.65803836150735,0.3171055380181471,9.388275143374e-312
3200,1.9902830237912423,5.3751191760807835,11.54344743693082,33.84836152289541,27.378078020324065,-20.084518051473836,9.388275143374e-312
3210,0.9346083240363176,10.952978766069169,-1.4052419811621328,100.18370442032852,16.529405159827135,13.984057077526966,9.388275143374e-312
3220,-3.3822569743668085,-18.490477560243253,1.3045869894635629,-151.08220585876444,-71.80026927824606,59.06064804893621,9.388275143374e-312
3230,4.87611176033496,10.058035896014696,-3.3717400221385483,51.819241356797356,142.91407456810603,58.03541384413123,9.388275143374e-312
3240,-17.201948953885136,-0.013345137369295587,-5.0586187119975365,171.8860381651584,-568.6593264323644,13.719212270469304,9.388275143374e-312
3250,-10.33831568558316,2.187516771466058,15.059531778601091,125.25832457049218,-135.9701623635448,-62.77399036052669,9.388275143374e-312
3260,-1.534564835086215,-1.8859280930356288,-19.98629291950013,-3.513632579494137,-71.7521495873759,56.19086005174069,9.388275143374e-312
3270,3.491169053523376,11.210428553581282,1.4327190680299453,77.19259500057906,81.54044047237424,35.316917061584604,9.388275143374e-312
3280,3.694773937944503,17.157870813085328,-0.7881350286824103,134.63096875140823,89.20778021291768,65.4961473206261,9.388275143374e-312
3290,-1.8192277816126736,-22.231840209026828,4.6637497769704295,-204.12612427414155,-20.22211451537352,28.00811527271417,9.388275143374e-312
3300,13.864803013583055,2.1387064794125297,9.743658434602187,-117.26096534170524,250.98187307351665,3.669654881989281,9.388275143374e-312
3310,3.417061399694429,4.710705956430328,14.00366817793042,12.936445567358987,43.115619250078424,-21.246343652119084,9.388275143374e-312
3320,0.9835807619503804,10.960060306685737,-0.8362919162092676,99.76479544735356,17.402761668082967,13.010216244030124,9.388275143374e-312
3330,-2.0634925277383416,19.224024939272784,30.004771065199872,212.87517467011125,-15.087194826406812,-119.68135465577791,9.388275143374e-312
3340,23.22272214073339,13.583499714585011,35.65619204310713,-96.39222426148378,-191.3811201877558,220.36266078892,9.388275143374e-312
3350,15.719621996402312,10.022405806823134,34.956359139115264,-56.972161895791785,-119.37374194493368,64.33147307349984,9.388275143374e-312
3360,17.310339860477818,36.07623917828571,18.981777743756357,187.65899317807893,120.03225301461683,573.8738870806603,9.388275143374e-312
3370,25.05649876691945,25.209881511545746,11.978778739244545,1.5338274462629542,376.22582925311696,599.7279550369126,9.388275143374e-312
3380,39.18707865771025,20.224450158817472,19.021038021422232,-189.6262849889278,331.6348391602992,741.814351125395,9.388275143374e-312
3390,28.357872214642953,12.710341456255016,11.410287270388867,-156.47530758387938,457.738612207693,330.0108060999215,9.388275143374e-312
3400,30.82453568046702,18.39833729439984,33.360728309225514,-124.26198386067178,-183.64029833541136,478.1582622345602,9.388275143374e-312
3410,17.62889907283653,35.332684460242646,20.427588569902266,177.03785387406117,98.16059237894403,568.4027588022578,9.388275143374e-312
3420,19.370652243038872,28.275472918980828,12.789888373655293,89.04820675941956,266.3543099727449,513.6079839246268,9.388275143374e-312
3430,20.925677923335854,25.892395898096307,17.54552478814039,49.66717974760453,192.87458524277625,495.02787112535805,9.388275143374e-312
3440,31.97177489418404,15.442806924342115,35.354984231496594,-165.28967969841926,-250.5947071240244,399.45398876875515,9.388275143374e-312
3450,20.998849116001228,9.456431800696251,10.607942990016047,-115.42417315304976,355.7567491688482,170.28633658520025,9.388275143374e-312
3460,30.106861547970357,21.36491235463021,30.468030214074826,-87.41949193340147,-95.66955630598864,561.982377674507,9.388275143374e-312
3470,19.40246385026454,33.47203956324232,19.157613775644226,140.6957571297778,138.09203950489774,598.3530675520489,9.388275143374e-312
3480,34.245487855228426,20.869351520882415,26.537029782768435,-133.76136334346012,29.230777285882024,643.9157113008224,9.388275143374e-312
3490,25.02391049612031,15.84867354035166,33.68076641202715,-91.75236955768648,-158.00366378428546,306.78041105725106,9.388275143374e-312
3500,15.412199935739482,22.017699805435036,25.78656894832916,66.05499869695555,12.096142106890085,270.57700766424597,9.388275143374e-312
3510,13.394486710901186,38.298858945742616,17.25233920292922,249.04372234841432,105.66054077389558,466.9873193169505,9.388275143374e-312
3520,9.420027352815874,38.763788963889326,17.949212354793378,293.43761611073455,55.91490557130089,317.2913860591706,9.388275143374e-312
3530,35.112583438197014,20.54231118016575,20.319001226294354,-145.70272258031264,249.1573991502627,667.109612056859,9.388275143374e-312
3540,27.788439296428194,12.798363748632418,31.62576203918993,-149.90075547795777,-113.55263207795548,271.3111886846393,9.388275143374e-312
3550,22.73933380354855,16.626129928151464,31.19252127504614,-61.13203875397087,-89.22193687635607,294.88706156394846,9.388275143374e-312
3560,14.055301331472664,17.818040954789446,27.2697254801469,37.627396233167815,-7.5538125235576,177.71866680902815,9.388275143374e-312
3570,16.06249634939589,34.51132950372366,16.12565195432398,184.4883315432777,156.2203426314036,511.336365621496,9.388275143374e-312
3580,25.558544100944147,24.597306130942933,11.601605449859473,-9.612379700012141,394.5217841635059,597.7337189791701,9.388275143374e-312
3590,39.43390406635896,20.29733152019687,20.829211755458328,-191.3657254616209,262.474844195234,744.8584592893051,9.388275143374e-312
3600,27.39401244542985,12.56917845134564,30.258179087622448,-148.2483399408421,-74.42976448168442,263.631753357998,9.388275143374e-312
3610,23.153367665691913,17.41363388705891,30.709073883881416,-57.39733778633003,-80.1378175540893,321.29340409247635,9.388275143374e-312
3620,14.119140088940089,28.748151790916648,23.48903070202146,146.2901170197656,34.9428556641501,343.2617672286755,9.388275143374e-312
3630,13.746255956252249,35.40054632761608,15.614411996048222,216.54290371363828,134.85491654339245,444.9865388211142,9.388275143374e-312
3640,9.032171810054333,37.37941907816627,18.08439267045824,283.47247268111937,52.18004992328894,289.3922881527986,9.388275143374e-312
3650,35.489551436727794,19.64770940205168,26.593622913378983,-158.41842034676114,30.263982553020284,626.3720656689828,9.388275143374e-312
3660,24.72809522607572,13.433328812849286,37.49828194597941,-112.94766413226434,-248.30774925714385,232.18521556471208,9.388275143374e-312
3670,16.702259051889108,9.163144137535015,38.746909860890156,-75.39114914354093,-188.66081664142396,49.72011415253509,9.388275143374e-312
3680,18.111714230868774,35.21895200305051,20.33023144970665,171.07237772181736,103.69370419676736,583.6616436573833,9.388275143374e-312
3690,22.624786011179555,26.578876123911833,12.862632950317929,39.540901127322776,315.90081414782543,567.0410301869736,9.388275143374e-312
3700,39.30510261505278,19.501542995382053,14.142841568332205,-198.03559619670727,525.1554911143645,728.7959044031362,9.388275143374e-312
3710,31.84253248191516,14.356827692522106,30.478539017320767,-174.85704789393054,-93.2797868592527,375.88164809020554,9.388275143374e-312
3720,22.94463335021292,12.756790188540453,36.9054737598518,-101.87843161672468,-217.08962041828218,194.28527690871613,9.388275143374e-312
3730,16.261034834444608,17.133359346714943,28.149667979703946,8.723245122703354,-19.56711557828175,203.54037188877828,9.388275143374e-312
3740,14.082436896265257,38.54299538889729,18.079588297140948,244.60558492632032,101.1605764015867,494.5670648981463,9.388275143374e-312
3750,8.135416532708106,8.05964133027099,31.83258689776268,-0.7577520243711611,-39.23933214136998,-19.318359068049645,9.388275143374e-312
3760,22.140471599179048,30.35952264253644,20.673211666400327,82.19051043357393,131.8590263707235,617.045584387977,9.388275143374e-312
3770,32.39955844905939,20.17837743203311,33.579829759586524,-122.21181017026282,-200.9623978635577,564.2243063241069,9.388275143374e-312
3780,20.820057224077228,31.489573318934436,22.79647191646905,106.69516094857208,76.84817914727289,594.8241266847397,9.388275143374e-312
3790,24.417746825772266,26.524789174388427,17.313622520314983,21.070423486161616,234.41247060919463,601.5059266130284,9.388275143374e-312
3800,33.020409278619425,16.134879956838397,34.595775809024694,-168.8552932178103,-233.93009668085097,440.524937678798,9.388275143374e-312
3810,21.25183773740703,10.16256988136266,41.319103535736,-110.8926785604437,-293.21799703054836,105.78901001848308,9.388275143374e-312
3820,20.02150116702586,27.328855110830606,24.475837651437296,73.07353943804745,43.230165463706186,481.8958040911428,9.388275143374e-312
3830,14.344514583906536,35.463473985815355,15.791707689143887,211.1895940190882,139.6585531118542,466.5950992811347,9.388275143374e-312
3840,7.477939433435675,42.84942978458305,21.336313584214167,353.7149035114738,6.981213636071459,263.52860446179557,9.388275143374e-312
3850,31.314987407104468,22.92781409112932,24.930235609295977,-83.87173315975147,73.20181914654488,651.5035812446912,9.388275143374e-312
3860,26.334410509714946,18.11162325603664,32.104167810933994,-82.22787253678305,-126.19246318993059,391.34780765927826,9.388275143374e-312
3870,16.21790070670559,36.509960562555115,19.971638097383146,202.92059855849527,93.69321561158299,538.857213616234,9.388275143374e-312
3880,12.705563138894613,34.15718042030353,15.308420790696115,214.5161728140892,127.09648055578914,393.1637570349251,9.388275143374e-312
3890,30.63759026290423,22.85479354478629,10.96850942261976,-77.82796718117939,498.94903633150363,670.9664417081115,9.388275143374e-312
3900,40.88966972507923,19.602011200252573,24.48068287994139,-212.87658524826657,124.30170349676098,736.2379429124546,9.388275143374e-312
3910,25.55063037937447,12.379666620065901,39.80293639818806,-131.7096375930857,-313.95213192143444,210.1671223006824,9.388275143374e-312
3920,19.37620849131655,16.753309139242432,29.495955082032328,-26.228993520741177,-45.73924670234537,245.95973058268748,9.388275143374e-312
3930,13.203172780626302,20.05298281716234,26.23746308495728,68.4981003653604,3.218096604378747,194.796428675372,9.388275143374e-312
3940,16.95707828985179,32.771819035427306,15.57103068467236,158.14740745575517,177.98718670674907,514.1915525921363,9.388275143374e-312
3950,32.698877686993946,22.110996120851198,10.017392322041855,-105.87881566142748,565.9000928339003,696.2917115011993,9.388275143374e-312
3960,22.41813977927947,25.39695767223338,22.310823289863187,29.788178929539093,102.14380104463503,509.85701829160365,9.388275143374e-312
3970,28.30950979706677,17.636777674518203,33.868466732830626,-106.72732122548567,-183.77019414134725,408.97261907791324,9.388275143374e-312
3980,17.169138997568574,34.41209643418399,21.202005273708192,172.42957436615413,82.3036199262582,534.2873861463503,9.388275143374e-312
3990,13.476379128812445,33.99654492409862,15.032237638210225,205.20165795286175,140.7619371157247,418.06436143163006,9.388275143374e-312
4000,27.0,26.684624907958284,1.8551763932346348,-3.15375092041716,679.2256124747065,715.537735466248,9.388275143374e-312
4010,10.983829831280756,2.599644932684755,-1.0492784182291326,-83.84184898596001,316.47268593464065,31.352133344305017,9.388275143374e-312
4020,-12.598717407416315,-0.007981204988210245,8.012474541802735,125.90736202428104,-251.80920371637842,-21.266045831923506,9.388275143374e-312
4030,6.613364637300143,3.702492002083488,13.700951646045079,-29.108726352166553,90.8623287290068,-12.049941379654662,9.388275143374e-312
4040,1.2077190734396583,5.5212942547320045,7.942709952387557,43.135751812923466,18.702277497280974,-14.512387491520839,9.388275143374e-312
4050,-2.5864089222924034,-14.55921530974183,-1.0839437273295067,-119.72806387449427,-60.66375624207339,40.546600984904444,9.388275143374e-312
4060,-1.330840755974254,-15.787405615664394,1.7356545849684744,-144.56564859690138,-19.166255691645095,16.382110597840388,9.388275143374e-312
4070,10.639606164473687,4.687056145105247,6.619115343665402,-59.525500193684394,222.79713604633318,32.21745720492166,9.388275143374e-312
4080,8.457851038362602,2.8699313119041223,14.44180517647177,-55.879197264584796,111.80326085459657,-14.238028944173756,9.388275143374e-312
4090,1.2575830550541494,2.4174091387795325,16.00223329905958,11.59826083725383,12.670778962816064,-39.63252936076336,9.388275143374e-312
4100,-2.1930728284990098,-12.304614528602354,-3.076972909947998,-101.11541700103345,-55.8494503522044,35.19017688102663,9.388275143374e-312
4110,-5.342078787930656,-9.670600627524182,-0.25344176664381,-43.28521839593527,-141.26151132009775,52.33695518989598,9.388275143374e-312
4120,-1.2281838213550085,-16.921350123806462,2.968327133081873,-156.93166302451453,-13.822145512793526,12.866989435991007,9.388275143374e-312
4130,11.40214439280586,4.882374094624102,9.7407376320747,-65.19770298181759,203.31237193058644,29.694234054399594,9.388275143374e-312
4140,5.8091664482351435,7.093535393127635,8.399214664050618,12.843689448924911,106.77068913952891,18.809622034323898,9.388275143374e-312
4150,4.423915866220055,12.716170703704398,2.596594888814112,82.92254837484343,99.66635622368649,49.33101629684289,9.388275143374e-312
4160,11.672667067989755,2.9917423981075846,2.763050947241912,-86.80924669882171,291.590761706557,27.55347710698733,9.388275143374e-312
4170,15.272489484661179,-0.9115985137121588,-8.765470288727125,-161.8408799837334,562.4118568969202,9.45220872170396,9.388275143374e-312
4180,-4.292327389404639,0.8157118865876628,9.922012571338849,51.08039275992303,-78.41235247194268,-29.960002662900084,9.388275143374e-312
4190,1.5765356498941585,-6.580206363834478,-8.535598650747678,-81.56742013728635,64.17988012696311,12.38766648574834,9.388275143374e-312
4200,-3.0584035384021955,-14.337827609162106,-1.4012416585699068,-112.7942407075991,-75.58303391282614,47.58750711571516,9.388275143374e-312
4210,-3.790096728441388,-12.279574131072929,2.1340527220344447,-84.89477402631542,-85.75486802518174,40.849966482074485,9.388275143374e-312
4220,13.358608986095312,1.9158387796494745,2.1416387836889452,-114.42770206445837,343.5158977302619,19.881904381231493,9.388275143374e-312
4230,16.2881619577985,-1.5812950152816845,-10.88447559456368,-178.69456973080187,634.9379311435981,3.2688789402022813,9.388275143374e-312
4240,-3.6532529673629237,-3.3471822051419435,-14.122703222456494,3.0607076222098017,-150.53770833564505,49.88864524978983,9.388275143374e-312
4250,0.3604489940240284,5.458668402368839,7.894015209004069,50.98219408344811,1.7885135894080602,-19.08313568966625,9.388275143374e-312
4260,-2.918054092214866,-14.391262078683686,-1.278098211721072,-114.7320798646882,-71.04381222029775,45.40274309876241,9.388275143374e-312
4270,-3.5433178724154843,-12.902853245534438,2.2998739215506663,-93.59535373118953,-78.16086281156635,39.5859133859212,9.388275143374e-312
4280,13.397125398532125,2.097726233075165,3.54756862696904,-112.99399165456961,325.4945631704217,18.643318391047643,9.388275143374e-312
4290,13.289896831682787,-1.3800566028337808,-11.127502597891583,-146.6995343451657,521.3805294102132,11.332530387500647,9.388275143374e-312
4300,-2.55929705951048,0.8516319587020998,11.009210690340021,34.1092901821258,-44.33610907767699,-31.537474341931492,9.388275143374e-312
4310,0.6197647792046745,-7.692772263714388,-7.236349477901072,-83.12537042919062,29.531020617864495,14.529222637576732,9.388275143374e-312
4320,-4.147719767958677,-13.020165483586517,-1.8475648847177648,-88.7244571562784,-110.77916941418661,58.930837450945745,9.388275143374e-312
4330,-9.515052248688171,-3.6617921443132624,0.7983638477050021,58.5326010437491,-255.16319709457872,32.713173316429916,9.388275143374e-312
4340,9.99984746626293,1.4019752553195426,-6.897813676247293,-85.97872210943386,347.5708384132178,32.41370850799657,9.388275143374e-312
4350,-8.177389857845009,-3.463414868721109,-14.022236772330908,47.13974989123899,-340.16879791729923,65.71432501387201,9.388275143374e-312
4360,-1.5852566688526812,-6.207594236445381,-7.138558555103494,-46.223375675927,-49.49604004690287,28.876786307799158,9.388275143374e-312
4370,1.7007911016933683,13.83486991707995,0.7418231010843267,121.3407881538658,32.52559480097956,21.552028711829976,9.388275143374e-312
4380,-3.849062456430417,-12.536589214631405,1.1564742051757888,-86.87526758200988,-90.78581812044793,45.170183663926124,9.388275143374e-312
4390,10.292550742506002,2.7569119588647157,-2.1327490743428434,-75.35638783641286,307.38593690000977,34.062987094150955,9.388275143374e-312
4400,-15.747525990919454,0.6340235805069755,7.82142091888512,163.8154957142643,-318.3967221201871,-30.84142526324973,9.388275143374e-312
4410,5.530333269753349,-0.0292514243753371,-0.95303678739492,-55.595846941286865,160.1491940300981,2.379661307642519,9.388275143374e-312
4420,-15.999588614278428,3.0068756026937886,10.91679221110048,190.06464216972216,-276.3311724373232,-77.22021855367908,9.388275143374e-312
4430,5.496339123776052,9.859135478306355,6.1140129007587305,43.627963545303025,110.43367167771139,37.88511765400047,9.388275143374e-312
4440,8.147799336503457,7.569637196119403,6.16638403784808,-5.7816214038405445,170.3262844537733,45.23219415651868,9.388275143374e-312
4450,10.13301144356355,4.370215688953493,12.847181047885199,-57.62795754610057,149.17347215507243,10.024296125979518,9.388275143374e-312
4460,3.2109300843242026,11.540090870018945,3.620162225027471,83.29160785694742,66.74186369258398,27.400659016972305,9.388275143374e-312
4470,5.325382241415877,9.953885442020336,0.7599868383688566,46.285032006044595,135.10959690486493,50.98161319703951,9.388275143374e-312
4480,5.882665218143715,6.491822743617492,-4.219279699562445,6.091575254737771,183.04341329864238,49.44063238839944,9.388275143374e-312
4490,-12.687061717944289,-2.1251941680692426,-10.844659329131112,105.61867549875046,-490.69939615313757,55.88156111725938,9.388275143374e-312
4500,-3.0134488740314658,-0.3928940231578153,-5.269132313292531,26.205548508736506,-99.86193528633743,15.234985553812027,9.388275143374e-312
4510,-6.436467291475518,6.059795432157331,10.125935775358741,124.9626272363285,-121.1056251797935,-66.00617049307004,9.388275143374e-312
4520,4.5459926414513685,12.644888654299901,3.4206945514468576,80.98896012848533,99.09245304680822,48.361718637227625,9.388275143374e-312
4530,11.90925235038735,3.5881950508382863,6.456887916105447,-83.21057299549065,252.974163168941,25.514352566562927,9.388275143374e-312
4540,8.144550301735926,1.5772492600110777,12.459186830533273,-65.67301041724848,124.99568532859081,-20.378512278219404,9.388275143374e-312
4550,1.2099090760270923,-4.0461105778268465,-12.298220858938635,-52.56019653853939,52.80329374280099,27.89982971311443,9.388275143374e-312
4560,0.5022050016396611,6.184332530592918,6.344942240384643,56.82127528953258,4.690945787081667,-13.814043245692423,9.388275143374e-312
4570,-3.5406896763328968,-13.760956456035954,-1.3979357219290989,-102.20266779703056,-90.32801106009649,52.45110505216396,9.388275143374e-312
4580,-6.316385085009849,-6.760966593238794,2.165950546901471,-4.445815082289446,-156.4168380577196,36.92900042471278,9.388275143374e-312
4590,14.713998265303356,0.6324253227138615,-2.3387272290986543,-140.81572942589494,445.77155449775546,15.54211104560875,9.388275143374e-312
4600,-16.123603690980712,1.9934050830553265,11.923495558512295,181.17008774036037,-261.20459143389434,-63.936861710803356,9.388275143374e-312
4610,3.1879758487004057,4.579116982609028,11.24177563842708,13.911411339086222,48.845697549188216,-15.379954020207425,9.388275143374e-312
4620,-0.06889345166006172,-2.376874713853065,-16.001765608346993,-23.07981262193003,-0.654558798042955,42.83512605879284,9.388275143374e-312
4630,3.5344159743521835,12.701782988202044,3.62072683996279,91.67367013849861,73.46470951172891,35.238113123022,9.388275143374e-312
4640,10.615181166323822,4.4623200767884255,5.699452293429848,-61.528610895353964,232.26203393670093,32.1697965880869,9.388275143374e-312
4650,9.67232978503299,1.7710007599218969,12.330763431217857,-79.01329025111093,149.78702281303774,-15.752332417072331,9.388275143374e-312
4660,1.6055009691673603,-2.458214384999167,7.685502092368293,-40.63715354166527,35.073160463850186,-24.441337823852756,9.388275143374e-312
4670,6.150497643645383,2.132166739822764,17.467831065098277,-40.18330903822619,62.64591347676539,-33.4669963311231,9.388275143374e-312
4680,-1.4033033687521586,-1.8643563405622765,-20.782638021119748,-4.61052971810118,-66.5924839310922,58.036625589584816,9.388275143374e-312
4690,3.8674793780310894,12.498663544473569,1.4135025820157288,86.3118416644248,90.32406695365741,44.56898329249188,9.388275143374e-312
4700,5.738570849324748,10.090331001354102,0.7863387709111248,43.51760152029354,146.07719203129437,55.807175955312104,9.388275143374e-312
4710,9.990159783250604,-1.3709379241421396,-4.240733151570914,-113.61097707392744,323.4610136374804,-2.387267177575433,9.388275143374e-312
4720,-15.851179848538115,0.21317879191336572,-2.429342166753095,160.6435864045148,-482.55415414982116,3.09911040749541,9.388275143374e-312
4730,-21.967558851226784,4.4069165471032195,14.933003823453307,263.74475398330003,-291.45692406414804,-136.6305421301439,9.388275143374e-312
4740,1.7864153010739776,10.420643951722957,2.335699686796333,86.34228650648978,35.42645481914175,12.387065304278336,9.388275143374e-312
4750,4.184860664830143,15.571840891883586,0.033796468200235234,113.86980227053442,101.46282421297909,65.07586051223653,9.388275143374e-312
4760,4.399164811279947,11.821900048469525,-3.9181831224091055,74.22735237189578,128.59144798362212,62.45497502212012,9.388275143374e-312
4770,-16.611496193551613,-0.8321432338829569,-9.025188666534302,157.79352959668657,-614.211637365782,37.89031393956127,9.388275143374e-312
4780,-1.7711580698472316,-0.08105532232826894,-2.372551785847399,16.90102747518963,-53.713534875028294,6.470366550505512,9.388275143374e-312
4790,-22.520496945974426,5.61138488092417,13.774812813663225,281.318818268986,-325.96966946673604,-163.10401024330844,9.388275143374e-312
4800,3.4489907097912824,13.568468939519567,2.6610680300863985,101.19478229728286,73.82527202074577,39.701341904930835,9.388275143374e-312
4810,10.596931720051977,3.299392940674648,6.393973427948276,-72.97538779377328,225.65819538498616,17.912845902088684,9.388275143374e-312
4820,9.352908273208458,2.7398605588547307,17.082962620470983,-66.13047714353728,99.3661886670682,-19.92890249957266,9.388275143374e-312
4830,-0.04300094650311165,4.749833771430995,11.725794018619602,47.92834717934107,-5.449640032216953,-31.473031397556248,9.388275143374e-312
4840,-2.2221444504417325,-14.746928509993818,1.4098304532886166,-125.24784059552087,-44.34026918453564,29.01025747410742,9.388275143374e-312
4850,1.455900711450889,17.659844059337864,-3.9790179956239218,162.03943347886977,28.898430991991788,36.32169418509888,9.388275143374e-312
4860,-10.399654532778762,-2.53050761012654,-4.448807640424825,78.69146922652222,-334.92588185088357,38.17989197901649,9.388275143374e-312
4870,-14.721205090946247,-0.3652602152428469,-6.850583727067818,143.559448757034,-512.6773303701162,23.645293812333968,9.388275143374e-312
4880,-3.008228527689152,3.58277260366448,17.698236634480654,65.91001131353633,-34.57283104532278,-57.973096446515044,9.388275143374e-312
4890,-0.1709154229062292,3.8012543063842403,15.657100973363063,39.72169729290469,-5.910846113410777,-42.401962249651284,9.388275143374e-312
4900,-3.3610294493305766,-16.273027998135873,-0.2120017574817233,-129.11998548805298,-78.54834073332619,55.25946435146693,9.388275143374e-312
4910,-5.644173210133562,-8.749284156043577,1.2741449916838363,-31.05110945910015,-142.0960706998084,45.984755263563635,9.388275143374e-312
4920,9.95747907370609,-1.6161654633848384,-4.73603697865601,-115.73644537090928,327.5845686344208,-3.4635018382183382,9.388275143374e-312
4930,-14.187103747533104,-0.3200781204634089,-6.44161869040146,138.67025627069697,-488.3067394732374,21.71863134340034,9.388275143374e-312
4940,-3.8078599911667697,3.8319780658271503,17.175320334866832,76.3983805699392,-45.05084267988425,-60.392490190203375,9.388275143374e-312
4950,0.2313077901426775,6.256348722866662,5.484274629914495,60.250409327239836,-1.0482860440527642,-13.1775901489904,9.388275143374e-312
4960,-2.5661602064376896,-17.560161177643714,1.31759021966056,-149.94000971206023,-50.91117701252717,41.54861291360647,9.388275143374e-312
4970,1.5236806484097796,19.30280693391548,-4.265937059998641,177.791262855057,29.860176967212386,40.7871455451935,9.388275143374e-312
4980,-11.846970355753164,-2.0764625581103795,-6.278812808742504,97.70507797642786,-404.02361661747386,41.34329119407839,9.388275143374e-312
4990,-9.000753839087038,-1.785469122390705,-15.741606343601976,72.15284716696333,-391.9219621026187,58.04818497420143,9.388275143374e-312
5000,1.4114105120607214,1.4259875724376054,17.855829687827498,0.14577060376884,12.891601042296953,-45.60289198440027,9.388275143374e-312
5010,-4.138994475487424,-10.793230148851418,-2.4528997690608696,-66.54235673363993,-115.25115375786378,51.21418600958931,9.388275143374e-312
5020,-5.102838480749128,-12.573420107890641,-0.9527557988939741,-74.70581627141513,-135.167816306438,66.70081409155314,9.388275143374e-312
5030,-10.966035595684811,1.1942723964901116,2.8895303698159247,121.60307992174923,-276.5565761854511,-20.8018479303635,9.388275143374e-312
5040,19.511488208981106,-1.8062965338826475,-6.7837447126285495,-213.17784742863753,680.4889213585435,-17.153547622431923,9.388275143374e-312
5050,-4.3558271423236565,2.1998340628956545,16.991704113465953,65.5566120521931,-50.150068076190514,-54.89330788901155,9.388275143374e-312
5060,-1.888818096629204,-3.6975175281903807,-17.004104389152385,-18.086994315611765,-81.30704926463045,52.3282163909227,9.388275143374e-312
5070,2.35323288365453,13.192914983257165,-0.8515883644683547,108.39682099602634,54.70159150167419,33.316903675108264,9.388275143374e-312
5080,-0.1677248712740525,-1.879105078304517,-24.37357728177486,-17.113802070304644,-6.905246429442811,65.31137874210201,9.388275143374e-312
5090,6.117816950129452,13.043323349836696,4.111899973491071,69.25506399707244,133.09969989872744,68.83159807967402,9.388275143374e-312
5100,13.054418759518398,3.5315368962693383,11.527012445224806,-95.2288186324906,211.5137408641011,15.363461654657016,9.388275143374e-312
5110,3.6276428081465744,8.825139270014265,5.618032092950548,51.97496461867691,72.3686456401611,17.033034089224365,9.388275143374e-312
5120,5.792722108595628,11.465190507289176,3.1004587014696043,56.724683986935474,132.77093286659772,58.14677266024912,9.388275143374e-312
5130,16.205607441892777,0.9240272120482479,8.852905835360435,-152.8158022984453,309.36626447305645,-8.63332663021397,9.388275143374e-312
5140,2.426343250398178,0.828985218221368,10.94589950401792,-15.9735803217681,40.55011641181697,-27.17766265513651,9.388275143374e-312
5150,-3.0075924729081915,-6.670326578953612,-8.47634921517316,-36.62734106045421,-103.0356667597718,42.66522191782876,9.388275143374e-312
5160,-2.2327320496423217,-16.98737878355849,0.8967763476995316,-147.54646733916167,-43.52685731355658,35.53686145559962,9.388275143374e-312
5170,-0.6323789639555574,-10.279012594391585,4.556230779911748,-96.46633630436027,-4.546333896221011,-5.649717411503851,9.388275143374e-312
5180,8.930232111443633,5.7905314070959175,5.993076769809383,-31.397007043477156,190.73640109722714,35.72925146114582,9.388275143374e-312
5190,11.056525870499208,3.4327732731119487,16.019049669278377,-76.2375259738726,129.0349140116777,-4.762919283021837,9.388275143374e-312
5200,1.3250639699892588,10.56930789945959,1.2840888791415253,92.4424392947033,24.83098335222533,10.58077207425269,9.388275143374e-312
5210,2.257409183729772,19.35991227503164,-2.190883679059056,171.0250309130187,48.79326580699355,49.54560024334998,9.388275143374e-312
5220,-6.995637638785103,-4.5981691253170816,1.2433449025072718,23.974685134680218,-182.58169436269435,28.851538595881692,9.388275143374e-312
5230,11.319196436739665,-2.5810811480840457,-5.713927105373241,-139.0027758482371,384.19564470772565,-13.978625586666876,9.388275143374e-312
5240,-10.722756078216864,-0.9670373086896978,-11.24750171596127,97.55718769527167,-419.8743502709608,40.36264308884499,9.388275143374e-312
5250,1.6133912912682296,3.6198537683015535,17.792879182984578,20.06462477033324,12.848226066793785,-41.60743727584999,9.388275143374e-312
5260,-1.1341976657361104,-4.248639204101839,-12.903073594778096,-31.14441538365729,-42.143531388527805,39.22699292058882,9.388275143374e-312
5270,3.710026394976495,16.703140240827366,0.5901122870355288,129.9311384585087,84.98826665761274,60.3954584070355,9.388275143374e-312
5280,7.7673388519713225,3.3751327588567825,-0.5230164558335184,-43.922060931145396,218.17280113395626,27.610510357318827,9.388275143374e-312
5290,-4.541459047292841,-9.089335813362538,5.5432021084357155,-45.478767660696974,-92.8972921445089,26.49697407431623,9.388275143374e-312
5300,13.388920030613052,2.9733907291838886,15.247291171776967,-104.15529301429163,167.7716079455874,-0.8489524319292556,9.388275143374e-312
5310,1.308362089058772,9.192960084206653,2.8388494488279434,78.84597995147882,23.72693541404709,4.457455263532005,9.388275143374e-312
5320,2.377248072376521,18.85857366244495,-1.6823643971918123,164.81325590068428,51.70376988435676,49.31781294599605,9.388275143374e-312
5330,-4.330202677002771,16.2804651425446,36.69558326302807,206.1066781954737,21.37317278112004,-168.35260244450512,9.388275143374e-312
5340,18.033643201732765,20.517407999856164,26.93414470665019,24.837647981233992,-1.296153934907494,298.1792294093831,9.388275143374e-312
5350,12.13091813379329,20.842192720862176,25.875190883758588,87.11274587068885,4.933692718200064,183.83442460216526,9.388275143374e-312
5360,18.666995737654982,30.950620521417648,15.674451545861022,122.83624783762664,199.13033993625461,535.9565638954507,9.388275143374e-312
5370,37.30735636721381,19.350250510172145,11.652227923026409,-179.57105857041668,590.5419081754687,690.8340837831161,9.388275143374e-312
5380,35.49860212648929,16.057467699250033,33.860496284650644,-194.41134427239257,-224.09689357183194,479.72300025556183,9.388275143374e-312
5390,21.605230848768226,9.878609756209174,30.240418029280075,-117.26621092559051,-58.28335847654757,132.78852950304636,9.388275143374e-312
5400,23.56175563500595,23.84951447167501,26.901436139593844,2.8775883666905955,2.034578756663617,490.1992689562277,9.388275143374e-312
5410,17.168780954326134,33.43371992852402,16.320428791675365,162.64938974197887,167.09027978765585,530.4950704966498,9.388275143374e-312
5420,33.84898648258381,21.57906685079349,10.270092407124674,-122.69919631790319,578.5603355979035,703.0426290536155,9.388275143374e-312
5430,40.97691927391756,20.212785699590434,26.612054975789327,-207.64133574327127,36.66092551412586,757.2922079776743,9.388275143374e-312
5440,24.8039175747483,14.182700947681255,36.05580436342792,-106.21216627067045,-213.998208376445,255.6377336577827,9.388275143374e-312
5450,16.07836100338627,7.363467108757299,33.04327255630611,-87.14893894628972,-88.45102390751761,30.277088927677852,9.388275143374e-312
5460,23.646165411027606,27.892653716443192,25.081074164041162,42.464883054155855,41.12874942316152,592.6714390940865,9.388275143374e-312
5470,23.02488079394227,28.11684732029342,18.921205378821725,50.919665263511504,180.92131658502063,596.9305101743732,9.388275143374e-312
5480,32.471918978021804,17.613750611380663,35.80341662366146,-148.5816836664114,-271.00566296666415,476.47650508873767,9.388275143374e-312
5490,19.65173978133495,23.78311928206439,25.885093432918246,41.31379500729441,17.778474236062635,398.35275549846375,9.388275143374e-312
5500,12.43029621781837,39.41722114831924,19.760172550885716,269.86924930500874,63.006274827882024,437.27394148783435,9.388275143374e-312
5510,16.616951783641074,29.759172409546967,13.269295679895576,131.42220625905892,215.0202310167015,459.1219445707822,9.388275143374e-312
5520,15.23463335581664,28.358212716600665,17.38753401235542,131.23579360784024,133.31881560623904,385.660215997387,9.388275143374e-312
5530,33.409255073694695,16.501494214809366,34.46728422605972,-169.07760858885328,-232.56864255732066,459.3898713835042,9.388275143374e-312
5540,21.263655403732386,10.970108149614225,39.87769868953973,-102.93547254118161,-263.5334000733507,126.9240695963006,9.388275143374e-312
5550,17.80341247814232,28.331379663504208,23.76695030656873,105.27967185361888,47.031350069126574,441.01670407336843,9.388275143374e-312
5560,11.139016117917876,38.39359633104764,21.011166459322354,272.54580213129765,39.45513312400572,371.63711113151265,9.388275143374e-312
5570,22.380736636844553,26.839140027963186,13.272742151283015,44.58403391118633,302.7677392670735,565.2857454551488,9.388275143374e-312
5580,39.309599612695436,18.805735534188575,11.303265673275552,-205.03864078506862,637.5362056888973,709.1038924757905,9.388275143374e-312
5590,35.600379793840325,16.268543692830107,35.13941862468989,-193.3183610101022,-270.4345582390073,485.46121782493105,9.388275143374e-312
5600,20.95490458026936,10.646048568976088,40.49474350641905,-103.08856011293273,-272.4722065009275,115.10094923602296,9.388275143374e-312
5610,18.184107161642878,29.134463191550413,23.50280904735141,109.50356029907536,52.64293901778238,467.110043312489,9.388275143374e-312
5620,11.842381692661483,40.06523872172989,18.139087589855574,282.22857029068405,76.7114498771029,426.0969493107112,9.388275143374e-312
5630,20.92885677568295,26.754895175935946,12.019319245000329,58.260384002529975,307.70248352336506,527.8978511989064,9.388275143374e-312
5640,16.822429551586087,27.34131575177693,18.851319665242407,105.18886200190842,126.5617146696637,409.67717230795864,9.388275143374e-312
5650,31.448685913609317,16.478557011815205,36.76561503588387,-149.70128901794112,-292.1456311149383,420.18732367839056,9.388275143374e-312
5660,19.15398297274988,17.808168211816554,28.738370896833672,-13.45814760933326,-31.950911797342766,264.46169498011017,9.388275143374e-312
5670,12.845553484045556,15.156309138912773,28.292410436408378,23.107556548672168,-18.912483039089697,119.24475183421013,9.388275143374e-312
5680,17.87995931700855,32.82355468866785,16.561813540173926,149.435953716593,171.69075387338037,542.7189863658559,9.388275143374e-312
5690,35.80667612169253,20.437783985481275,13.001953832654346,-153.68892136211258,516.5923975868566,697.1372349261642,9.388275143374e-312
5700,34.08639129790645,15.180470761409365,27.32582694396457,-189.05920536497086,7.79965582911966,444.57859460925533,9.388275143374e-312
5710,23.94035466331459,12.210363103871655,39.41795265495937,-117.29991559442935,-285.56019919253345,187.20588286131323,9.388275143374e-312
5720,17.67550301676259,18.572829578038483,27.78619080856722,8.97326561275893,-14.793644569856806,254.18759641359077,9.388275143374e-312
5730,12.830847660576534,35.744173438093284,21.43303760373785,229.1332577751675,48.51552066108097,401.47327719410015,9.388275143374e-312
5740,15.846433323794253,31.222426472280866,13.846271976202676,153.75993148486612,193.06368093994163,457.8407073635269,9.388275143374e-312
5750,6.3033104066174666,27.74672062856316,24.837031687493315,214.43410221945695,-7.809549548538488,108.66410838754754,9.388275143374e-312
5760,27.526396875271985,25.592544403608976,24.26898647345703,-19.33852471663009,77.10881467502094,639.7532370392096,9.388275143374e-312
5770,27.71911978659513,21.122111958401685,30.562819276653727,-65.97007828193443,-92.16120647936143,503.98550011639986,9.388275143374e-312
5780,19.155305263446554,33.74466861879353,19.039188217637868,145.89363355346978,137.9024164806417,595.6182598264678,9.388275143374e-312
5790,34.1249438889853,21.057470133355896,24.742021137352435,-130.67473755629405,90.12087574599242,652.6062637118139,9.388275143374e-312
5800,25.83747444331799,14.704810087030694,36.05982325137358,-111.32664356287296,-222.95028736205566,283.77562614717067,9.388275143374e-312
5810,16.310839913209566,10.575068377622452,34.47849536904657,-57.357715355871136,-116.24476922061059,80.5455930611871,9.388275143374e-312
5820,16.843054327384277,36.50817344776448,19.05865504643881,196.651191203802,114.09138536494993,564.0860686504284,9.388275143374e-312
5830,20.88167097205965,27.037771051230607,12.10747878617538,61.56100079170958,304.82462785233315,532.3072288132091,9.388275143374e-312
5840,7.937534763762589,35.509323362628976,19.489087756270393,275.71788598866385,32.046338443307434,229.88558794516683,9.388275143374e-312
5850,33.58063780117782,19.27303911149261,34.05608787221047,-143.0759868968521,-222.64033244029804,556.3847114050728,9.388275143374e-312
5860,21.038300407120527,26.212191386573643,25.20303345909711,51.73890979453116,32.63123092960612,484.25186749541444,9.388275143374e-312
5870,15.88656749841402,33.7648950277904,15.49412313501188,178.7832752937638,164.91056191469767,495.0906222424911,9.388275143374e-312
5880,22.809512042389606,25.504163980962748,13.073602087353494,26.946519385731413,314.9596889570468,546.8745965552398,9.388275143374e-312
5890,38.787867758297295,17.508139685045034,11.49999851512583,-212.7972807325226,622.4917359219631,648.4367440903214,9.388275143374e-312
5900,33.93681134754754,16.072268341151347,36.894633116353155,-178.64543006396192,-317.9277544164772,447.055850310539,9.388275143374e-312
5910,19.64117318931804,12.73700505278706,33.820274080681244,-69.04168136530978,-127.05401628074621,159.98232460652628,9.388275143374e-312
5920,15.236190502882454,32.12969200435369,22.343592519276513,168.93501501471238,54.05240993387877,429.9511947925347,9.388275143374e-312
5930,10.557618102958957,40.38155433380955,20.39208323730681,298.2393623085059,39.93992540580497,371.9541404274303,9.388275143374e-312
5940,25.25908391372359,25.400702439005087,13.653509125697846,1.4161852528149765,336.9785144224627,605.1891167058253,9.388275143374e-312
5950,37.69758988340765,16.9199521401201,8.125492462269753,-207.77637743287553,732.3010821519287,616.1734367257471,9.388275143374e-312
5960,43.025315852855044,20.537223261647988,31.784414295510174,-224.88092591207055,-183.36284364403315,798.8620794516461,9.388275143374e-312
5970,22.588357151692506,23.167555319428786,27.04503889205724,5.791981677362799,-1.596552747241713,451.19691017469836,9.388275143374e-312
5980,15.853075983502581,35.22449406924164,16.483231862665857,193.71418085739063,147.351706296298,514.4612959930149,9.388275143374e-312
5990,23.182844041322824,25.50242096088231,12.009807236123676,23.195769195594877,345.19572407475124,559.1924951826337,9.388275143374e-312
